ISO-10303-21;
HEADER;
FILE_DESCRIPTION(('KiCad electronic assembly'),'2;1');
FILE_NAME('tap pad.step','2026-08-18T17:59:54',('Pcbnew'),('Kicad'),
  'Open CASCADE STEP processor 7.9','KiCad to STEP converter','Unknown'
  );
FILE_SCHEMA(('AUTOMOTIVE_DESIGN { 1 0 10303 214 1 1 1 1 }'));
ENDSEC;
DATA;
#1 = APPLICATION_PROTOCOL_DEFINITION('international standard',
  'automotive_design',2000,#2);
#2 = APPLICATION_CONTEXT(
  'core data for automotive mechanical design processes');
#3 = SHAPE_DEFINITION_REPRESENTATION(#4,#10);
#4 = PRODUCT_DEFINITION_SHAPE('','',#5);
#5 = PRODUCT_DEFINITION('design','',#6,#9);
#6 = PRODUCT_DEFINITION_FORMATION('','',#7);
#7 = PRODUCT('tap pad 1','tap pad 1','',(#8));
#8 = PRODUCT_CONTEXT('',#2,'mechanical');
#9 = PRODUCT_DEFINITION_CONTEXT('part definition',#2,'design');
#10 = SHAPE_REPRESENTATION('',(#11,#15,#19),#23);
#11 = AXIS2_PLACEMENT_3D('',#12,#13,#14);
#12 = CARTESIAN_POINT('',(0.,0.,0.));
#13 = DIRECTION('',(0.,0.,1.));
#14 = DIRECTION('',(1.,0.,-0.));
#15 = AXIS2_PLACEMENT_3D('',#16,#17,#18);
#16 = CARTESIAN_POINT('',(164.5,-71.5,1.595));
#17 = DIRECTION('',(0.,0.,1.));
#18 = DIRECTION('',(1.,0.,0.));
#19 = AXIS2_PLACEMENT_3D('',#20,#21,#22);
#20 = CARTESIAN_POINT('',(0.,0.,0.));
#21 = DIRECTION('',(0.,0.,1.));
#22 = DIRECTION('',(1.,0.,-0.));
#23 = ( GEOMETRIC_REPRESENTATION_CONTEXT(3) 
GLOBAL_UNCERTAINTY_ASSIGNED_CONTEXT((#27)) GLOBAL_UNIT_ASSIGNED_CONTEXT(
(#24,#25,#26)) REPRESENTATION_CONTEXT('Context #1',
  '3D Context with UNIT and UNCERTAINTY') );
#24 = ( LENGTH_UNIT() NAMED_UNIT(*) SI_UNIT(.MILLI.,.METRE.) );
#25 = ( NAMED_UNIT(*) PLANE_ANGLE_UNIT() SI_UNIT($,.RADIAN.) );
#26 = ( NAMED_UNIT(*) SI_UNIT($,.STERADIAN.) SOLID_ANGLE_UNIT() );
#27 = UNCERTAINTY_MEASURE_WITH_UNIT(LENGTH_MEASURE(1.E-07),#24,
  'distance_accuracy_value','confusion accuracy');
#28 = PRODUCT_RELATED_PRODUCT_CATEGORY('part',$,(#7));
#29 = SHAPE_DEFINITION_REPRESENTATION(#30,#36);
#30 = PRODUCT_DEFINITION_SHAPE('','',#31);
#31 = PRODUCT_DEFINITION('design','',#32,#35);
#32 = PRODUCT_DEFINITION_FORMATION('','',#33);
#33 = PRODUCT('LED_WS2812B_PLCC4_5.0x5.0mm_P3.2mm',
  'LED_WS2812B_PLCC4_5.0x5.0mm_P3.2mm','',(#34));
#34 = PRODUCT_CONTEXT('',#2,'mechanical');
#35 = PRODUCT_DEFINITION_CONTEXT('part definition',#2,'design');
#36 = SHAPE_REPRESENTATION('',(#11,#37),#41);
#37 = AXIS2_PLACEMENT_3D('',#38,#39,#40);
#38 = CARTESIAN_POINT('',(0.,0.,0.));
#39 = DIRECTION('',(0.,0.,1.));
#40 = DIRECTION('',(1.,0.,-0.));
#41 = ( GEOMETRIC_REPRESENTATION_CONTEXT(3) 
GLOBAL_UNCERTAINTY_ASSIGNED_CONTEXT((#45)) GLOBAL_UNIT_ASSIGNED_CONTEXT(
(#42,#43,#44)) REPRESENTATION_CONTEXT('Context #1',
  '3D Context with UNIT and UNCERTAINTY') );
#42 = ( LENGTH_UNIT() NAMED_UNIT(*) SI_UNIT(.MILLI.,.METRE.) );
#43 = ( NAMED_UNIT(*) PLANE_ANGLE_UNIT() SI_UNIT($,.RADIAN.) );
#44 = ( NAMED_UNIT(*) SI_UNIT($,.STERADIAN.) SOLID_ANGLE_UNIT() );
#45 = UNCERTAINTY_MEASURE_WITH_UNIT(LENGTH_MEASURE(1.E-07),#42,
  'distance_accuracy_value','confusion accuracy');
#46 = CONTEXT_DEPENDENT_SHAPE_REPRESENTATION(#47,#49);
#47 = ( REPRESENTATION_RELATIONSHIP('','',#36,#10) 
REPRESENTATION_RELATIONSHIP_WITH_TRANSFORMATION(#48) 
SHAPE_REPRESENTATION_RELATIONSHIP() );
#48 = ITEM_DEFINED_TRANSFORMATION('','',#11,#15);
#49 = PRODUCT_DEFINITION_SHAPE('Placement','Placement of an item',#50);
#50 = NEXT_ASSEMBLY_USAGE_OCCURRENCE('2','D1','',#5,#31,$);
#51 = PRODUCT_RELATED_PRODUCT_CATEGORY('part',$,(#33));
#52 = SHAPE_DEFINITION_REPRESENTATION(#53,#59);
#53 = PRODUCT_DEFINITION_SHAPE('','',#54);
#54 = PRODUCT_DEFINITION('design','',#55,#58);
#55 = PRODUCT_DEFINITION_FORMATION('','',#56);
#56 = PRODUCT('LED_WS2812B_PLCC4_50x50mm_P32mm',
  'LED_WS2812B_PLCC4_50x50mm_P32mm','',(#57));
#57 = PRODUCT_CONTEXT('',#2,'mechanical');
#58 = PRODUCT_DEFINITION_CONTEXT('part definition',#2,'design');
#59 = ADVANCED_BREP_SHAPE_REPRESENTATION('',(#11,#60),#2327);
#60 = MANIFOLD_SOLID_BREP('',#61);
#61 = CLOSED_SHELL('',(#62,#121,#146,#179,#204,#229,#254,#271,#296,#327,
    #367,#498,#622,#639,#648,#659,#827,#858,#889,#920,#1005,#1029,#1107,
    #1138,#1223,#1247,#1325,#1356,#1387,#1418,#1503,#1527,#1605,#1636,
    #1721,#1745,#1823,#1840,#1857,#1874,#1891,#1908,#1925,#1942,#1964,
    #1976,#1988,#2005,#2017,#2034,#2056,#2068,#2085,#2097,#2109,#2126,
    #2143,#2160,#2182,#2194,#2211,#2223,#2235,#2252,#2274,#2286,#2303,
    #2315));
#62 = ADVANCED_FACE('',(#63,#74),#116,.T.);
#63 = FACE_BOUND('',#64,.T.);
#64 = EDGE_LOOP('',(#65));
#65 = ORIENTED_EDGE('',*,*,#66,.T.);
#66 = EDGE_CURVE('',#67,#67,#69,.T.);
#67 = VERTEX_POINT('',#68);
#68 = CARTESIAN_POINT('',(-1.966666666667,2.408472038323E-16,1.6));
#69 = CIRCLE('',#70,1.966666666667);
#70 = AXIS2_PLACEMENT_3D('',#71,#72,#73);
#71 = CARTESIAN_POINT('',(0.,0.,1.6));
#72 = DIRECTION('',(0.,0.,-1.));
#73 = DIRECTION('',(-1.,1.224646799147E-16,0.));
#74 = FACE_BOUND('',#75,.T.);
#75 = EDGE_LOOP('',(#76,#86,#94,#102,#110));
#76 = ORIENTED_EDGE('',*,*,#77,.T.);
#77 = EDGE_CURVE('',#78,#80,#82,.T.);
#78 = VERTEX_POINT('',#79);
#79 = CARTESIAN_POINT('',(1.433400076889,-2.425,1.6));
#80 = VERTEX_POINT('',#81);
#81 = CARTESIAN_POINT('',(2.425,-1.433400076889,1.6));
#82 = LINE('',#83,#84);
#83 = CARTESIAN_POINT('',(1.411433085478,-2.446966991411,1.6));
#84 = VECTOR('',#85,1.);
#85 = DIRECTION('',(0.707106781187,0.707106781187,0.));
#86 = ORIENTED_EDGE('',*,*,#87,.T.);
#87 = EDGE_CURVE('',#80,#88,#90,.T.);
#88 = VERTEX_POINT('',#89);
#89 = CARTESIAN_POINT('',(2.425,2.425,1.6));
#90 = LINE('',#91,#92);
#91 = CARTESIAN_POINT('',(2.425,-1.464466094067,1.6));
#92 = VECTOR('',#93,1.);
#93 = DIRECTION('',(1.224646799147E-16,1.,0.));
#94 = ORIENTED_EDGE('',*,*,#95,.T.);
#95 = EDGE_CURVE('',#88,#96,#98,.T.);
#96 = VERTEX_POINT('',#97);
#97 = CARTESIAN_POINT('',(-2.425,2.425,1.6));
#98 = LINE('',#99,#100);
#99 = CARTESIAN_POINT('',(2.5,2.425,1.6));
#100 = VECTOR('',#101,1.);
#101 = DIRECTION('',(-1.,1.224646799147E-16,0.));
#102 = ORIENTED_EDGE('',*,*,#103,.T.);
#103 = EDGE_CURVE('',#96,#104,#106,.T.);
#104 = VERTEX_POINT('',#105);
#105 = CARTESIAN_POINT('',(-2.425,-2.425,1.6));
#106 = LINE('',#107,#108);
#107 = CARTESIAN_POINT('',(-2.425,2.5,1.6));
#108 = VECTOR('',#109,1.);
#109 = DIRECTION('',(-1.224646799147E-16,-1.,0.));
#110 = ORIENTED_EDGE('',*,*,#111,.T.);
#111 = EDGE_CURVE('',#104,#78,#112,.T.);
#112 = LINE('',#113,#114);
#113 = CARTESIAN_POINT('',(-2.5,-2.425,1.6));
#114 = VECTOR('',#115,1.);
#115 = DIRECTION('',(1.,-1.224646799147E-16,0.));
#116 = PLANE('',#117);
#117 = AXIS2_PLACEMENT_3D('',#118,#119,#120);
#118 = CARTESIAN_POINT('',(0.,0.,1.6));
#119 = DIRECTION('',(0.,0.,1.));
#120 = DIRECTION('',(-1.,1.224646799147E-16,0.));
#121 = ADVANCED_FACE('',(#122),#141,.F.);
#122 = FACE_BOUND('',#123,.F.);
#123 = EDGE_LOOP('',(#124,#132,#133,#134));
#124 = ORIENTED_EDGE('',*,*,#125,.F.);
#125 = EDGE_CURVE('',#67,#126,#128,.T.);
#126 = VERTEX_POINT('',#127);
#127 = CARTESIAN_POINT('',(-1.666666666667,2.041077998579E-16,1.3));
#128 = LINE('',#129,#130);
#129 = CARTESIAN_POINT('',(-1.666666666667,2.041077998579E-16,1.3));
#130 = VECTOR('',#131,1.);
#131 = DIRECTION('',(0.707106781187,-8.659560562349E-17,-0.707106781187)
  );
#132 = ORIENTED_EDGE('',*,*,#66,.T.);
#133 = ORIENTED_EDGE('',*,*,#125,.T.);
#134 = ORIENTED_EDGE('',*,*,#135,.F.);
#135 = EDGE_CURVE('',#126,#126,#136,.T.);
#136 = CIRCLE('',#137,1.666666666667);
#137 = AXIS2_PLACEMENT_3D('',#138,#139,#140);
#138 = CARTESIAN_POINT('',(0.,0.,1.3));
#139 = DIRECTION('',(0.,0.,-1.));
#140 = DIRECTION('',(-1.,1.224646799147E-16,0.));
#141 = CONICAL_SURFACE('',#142,1.666666666667,0.785398163397);
#142 = AXIS2_PLACEMENT_3D('',#143,#144,#145);
#143 = CARTESIAN_POINT('',(0.,0.,1.3));
#144 = DIRECTION('',(0.,0.,1.));
#145 = DIRECTION('',(-1.,1.224646799147E-16,0.));
#146 = ADVANCED_FACE('',(#147),#174,.T.);
#147 = FACE_BOUND('',#148,.T.);
#148 = EDGE_LOOP('',(#149,#158,#166,#173));
#149 = ORIENTED_EDGE('',*,*,#150,.T.);
#150 = EDGE_CURVE('',#78,#151,#153,.T.);
#151 = VERTEX_POINT('',#152);
#152 = CARTESIAN_POINT('',(1.464466094067,-2.5,1.525));
#153 = ELLIPSE('',#154,8.117941502193E-02,7.5E-02);
#154 = AXIS2_PLACEMENT_3D('',#155,#156,#157);
#155 = CARTESIAN_POINT('',(1.433400076889,-2.425,1.525));
#156 = DIRECTION('',(0.923879532511,0.382683432365,-0.));
#157 = DIRECTION('',(-0.382683432365,0.923879532511,0.));
#158 = ORIENTED_EDGE('',*,*,#159,.T.);
#159 = EDGE_CURVE('',#151,#160,#162,.T.);
#160 = VERTEX_POINT('',#161);
#161 = CARTESIAN_POINT('',(2.5,-1.464466094067,1.525));
#162 = LINE('',#163,#164);
#163 = CARTESIAN_POINT('',(1.464466094067,-2.5,1.525));
#164 = VECTOR('',#165,1.);
#165 = DIRECTION('',(0.707106781187,0.707106781187,0.));
#166 = ORIENTED_EDGE('',*,*,#167,.F.);
#167 = EDGE_CURVE('',#80,#160,#168,.T.);
#168 = ELLIPSE('',#169,8.117941502193E-02,7.5E-02);
#169 = AXIS2_PLACEMENT_3D('',#170,#171,#172);
#170 = CARTESIAN_POINT('',(2.425,-1.433400076889,1.525));
#171 = DIRECTION('',(0.382683432365,0.923879532511,0.));
#172 = DIRECTION('',(0.923879532511,-0.382683432365,0.));
#173 = ORIENTED_EDGE('',*,*,#77,.F.);
#174 = CYLINDRICAL_SURFACE('',#175,7.5E-02);
#175 = AXIS2_PLACEMENT_3D('',#176,#177,#178);
#176 = CARTESIAN_POINT('',(1.411433085478,-2.446966991411,1.525));
#177 = DIRECTION('',(0.707106781187,0.707106781187,0.));
#178 = DIRECTION('',(0.,-0.,1.));
#179 = ADVANCED_FACE('',(#180),#199,.T.);
#180 = FACE_BOUND('',#181,.T.);
#181 = EDGE_LOOP('',(#182,#191,#197,#198));
#182 = ORIENTED_EDGE('',*,*,#183,.F.);
#183 = EDGE_CURVE('',#184,#104,#186,.T.);
#184 = VERTEX_POINT('',#185);
#185 = CARTESIAN_POINT('',(-2.5,-2.5,1.525));
#186 = ELLIPSE('',#187,0.106066017178,7.5E-02);
#187 = AXIS2_PLACEMENT_3D('',#188,#189,#190);
#188 = CARTESIAN_POINT('',(-2.425,-2.425,1.525));
#189 = DIRECTION('',(-0.707106781187,0.707106781187,0.));
#190 = DIRECTION('',(-0.707106781187,-0.707106781187,0.));
#191 = ORIENTED_EDGE('',*,*,#192,.T.);
#192 = EDGE_CURVE('',#184,#151,#193,.T.);
#193 = LINE('',#194,#195);
#194 = CARTESIAN_POINT('',(-2.5,-2.5,1.525));
#195 = VECTOR('',#196,1.);
#196 = DIRECTION('',(1.,-1.224646799147E-16,0.));
#197 = ORIENTED_EDGE('',*,*,#150,.F.);
#198 = ORIENTED_EDGE('',*,*,#111,.F.);
#199 = CYLINDRICAL_SURFACE('',#200,7.5E-02);
#200 = AXIS2_PLACEMENT_3D('',#201,#202,#203);
#201 = CARTESIAN_POINT('',(-2.5,-2.425,1.525));
#202 = DIRECTION('',(1.,-1.224646799147E-16,0.));
#203 = DIRECTION('',(0.,0.,1.));
#204 = ADVANCED_FACE('',(#205),#224,.T.);
#205 = FACE_BOUND('',#206,.T.);
#206 = EDGE_LOOP('',(#207,#215,#222,#223));
#207 = ORIENTED_EDGE('',*,*,#208,.T.);
#208 = EDGE_CURVE('',#160,#209,#211,.T.);
#209 = VERTEX_POINT('',#210);
#210 = CARTESIAN_POINT('',(2.5,2.5,1.525));
#211 = LINE('',#212,#213);
#212 = CARTESIAN_POINT('',(2.5,-1.464466094067,1.525));
#213 = VECTOR('',#214,1.);
#214 = DIRECTION('',(1.224646799147E-16,1.,0.));
#215 = ORIENTED_EDGE('',*,*,#216,.T.);
#216 = EDGE_CURVE('',#209,#88,#217,.T.);
#217 = ELLIPSE('',#218,0.106066017178,7.5E-02);
#218 = AXIS2_PLACEMENT_3D('',#219,#220,#221);
#219 = CARTESIAN_POINT('',(2.425,2.425,1.525));
#220 = DIRECTION('',(0.707106781187,-0.707106781187,-0.));
#221 = DIRECTION('',(-0.707106781187,-0.707106781187,0.));
#222 = ORIENTED_EDGE('',*,*,#87,.F.);
#223 = ORIENTED_EDGE('',*,*,#167,.T.);
#224 = CYLINDRICAL_SURFACE('',#225,7.5E-02);
#225 = AXIS2_PLACEMENT_3D('',#226,#227,#228);
#226 = CARTESIAN_POINT('',(2.425,-1.464466094067,1.525));
#227 = DIRECTION('',(1.224646799147E-16,1.,0.));
#228 = DIRECTION('',(1.,-1.224646799147E-16,0.));
#229 = ADVANCED_FACE('',(#230),#249,.T.);
#230 = FACE_BOUND('',#231,.T.);
#231 = EDGE_LOOP('',(#232,#240,#241,#242));
#232 = ORIENTED_EDGE('',*,*,#233,.T.);
#233 = EDGE_CURVE('',#234,#184,#236,.T.);
#234 = VERTEX_POINT('',#235);
#235 = CARTESIAN_POINT('',(-2.5,2.5,1.525));
#236 = LINE('',#237,#238);
#237 = CARTESIAN_POINT('',(-2.5,2.5,1.525));
#238 = VECTOR('',#239,1.);
#239 = DIRECTION('',(-1.224646799147E-16,-1.,0.));
#240 = ORIENTED_EDGE('',*,*,#183,.T.);
#241 = ORIENTED_EDGE('',*,*,#103,.F.);
#242 = ORIENTED_EDGE('',*,*,#243,.F.);
#243 = EDGE_CURVE('',#234,#96,#244,.T.);
#244 = ELLIPSE('',#245,0.106066017178,7.5E-02);
#245 = AXIS2_PLACEMENT_3D('',#246,#247,#248);
#246 = CARTESIAN_POINT('',(-2.425,2.425,1.525));
#247 = DIRECTION('',(0.707106781187,0.707106781187,-0.));
#248 = DIRECTION('',(-0.707106781187,0.707106781187,0.));
#249 = CYLINDRICAL_SURFACE('',#250,7.5E-02);
#250 = AXIS2_PLACEMENT_3D('',#251,#252,#253);
#251 = CARTESIAN_POINT('',(-2.425,2.5,1.525));
#252 = DIRECTION('',(-1.224646799147E-16,-1.,0.));
#253 = DIRECTION('',(-1.,1.224646799147E-16,0.));
#254 = ADVANCED_FACE('',(#255),#266,.T.);
#255 = FACE_BOUND('',#256,.T.);
#256 = EDGE_LOOP('',(#257,#263,#264,#265));
#257 = ORIENTED_EDGE('',*,*,#258,.T.);
#258 = EDGE_CURVE('',#209,#234,#259,.T.);
#259 = LINE('',#260,#261);
#260 = CARTESIAN_POINT('',(2.5,2.5,1.525));
#261 = VECTOR('',#262,1.);
#262 = DIRECTION('',(-1.,1.224646799147E-16,0.));
#263 = ORIENTED_EDGE('',*,*,#243,.T.);
#264 = ORIENTED_EDGE('',*,*,#95,.F.);
#265 = ORIENTED_EDGE('',*,*,#216,.F.);
#266 = CYLINDRICAL_SURFACE('',#267,7.5E-02);
#267 = AXIS2_PLACEMENT_3D('',#268,#269,#270);
#268 = CARTESIAN_POINT('',(2.5,2.425,1.525));
#269 = DIRECTION('',(-1.,1.224646799147E-16,0.));
#270 = DIRECTION('',(1.224646799147E-16,1.,0.));
#271 = ADVANCED_FACE('',(#272),#291,.F.);
#272 = FACE_BOUND('',#273,.F.);
#273 = EDGE_LOOP('',(#274,#282,#283,#284));
#274 = ORIENTED_EDGE('',*,*,#275,.T.);
#275 = EDGE_CURVE('',#276,#126,#278,.T.);
#276 = VERTEX_POINT('',#277);
#277 = CARTESIAN_POINT('',(-1.666666666667,2.041077998579E-16,1.225));
#278 = LINE('',#279,#280);
#279 = CARTESIAN_POINT('',(-1.666666666667,2.041077998579E-16,0.85));
#280 = VECTOR('',#281,1.);
#281 = DIRECTION('',(0.,0.,1.));
#282 = ORIENTED_EDGE('',*,*,#135,.T.);
#283 = ORIENTED_EDGE('',*,*,#275,.F.);
#284 = ORIENTED_EDGE('',*,*,#285,.T.);
#285 = EDGE_CURVE('',#276,#276,#286,.T.);
#286 = CIRCLE('',#287,1.666666666667);
#287 = AXIS2_PLACEMENT_3D('',#288,#289,#290);
#288 = CARTESIAN_POINT('',(0.,0.,1.225));
#289 = DIRECTION('',(0.,0.,1.));
#290 = DIRECTION('',(-1.,1.224646799147E-16,0.));
#291 = CYLINDRICAL_SURFACE('',#292,1.666666666667);
#292 = AXIS2_PLACEMENT_3D('',#293,#294,#295);
#293 = CARTESIAN_POINT('',(0.,0.,0.85));
#294 = DIRECTION('',(0.,0.,-1.));
#295 = DIRECTION('',(-1.,1.224646799147E-16,0.));
#296 = ADVANCED_FACE('',(#297),#322,.T.);
#297 = FACE_BOUND('',#298,.T.);
#298 = EDGE_LOOP('',(#299,#307,#315,#321));
#299 = ORIENTED_EDGE('',*,*,#300,.T.);
#300 = EDGE_CURVE('',#151,#301,#303,.T.);
#301 = VERTEX_POINT('',#302);
#302 = CARTESIAN_POINT('',(1.464466094067,-2.5,1.3));
#303 = LINE('',#304,#305);
#304 = CARTESIAN_POINT('',(1.464466094067,-2.5,0.7));
#305 = VECTOR('',#306,1.);
#306 = DIRECTION('',(0.,0.,-1.));
#307 = ORIENTED_EDGE('',*,*,#308,.F.);
#308 = EDGE_CURVE('',#309,#301,#311,.T.);
#309 = VERTEX_POINT('',#310);
#310 = CARTESIAN_POINT('',(2.5,-1.464466094067,1.3));
#311 = LINE('',#312,#313);
#312 = CARTESIAN_POINT('',(3.75,-0.214466094067,1.3));
#313 = VECTOR('',#314,1.);
#314 = DIRECTION('',(-0.707106781187,-0.707106781187,0.));
#315 = ORIENTED_EDGE('',*,*,#316,.T.);
#316 = EDGE_CURVE('',#309,#160,#317,.T.);
#317 = LINE('',#318,#319);
#318 = CARTESIAN_POINT('',(2.5,-1.464466094067,0.7));
#319 = VECTOR('',#320,1.);
#320 = DIRECTION('',(0.,0.,1.));
#321 = ORIENTED_EDGE('',*,*,#159,.F.);
#322 = PLANE('',#323);
#323 = AXIS2_PLACEMENT_3D('',#324,#325,#326);
#324 = CARTESIAN_POINT('',(3.75,-0.214466094067,1.3));
#325 = DIRECTION('',(0.707106781187,-0.707106781187,0.));
#326 = DIRECTION('',(-0.707106781187,-0.707106781187,0.));
#327 = ADVANCED_FACE('',(#328),#362,.F.);
#328 = FACE_BOUND('',#329,.F.);
#329 = EDGE_LOOP('',(#330,#331,#339,#347,#355,#361));
#330 = ORIENTED_EDGE('',*,*,#300,.T.);
#331 = ORIENTED_EDGE('',*,*,#332,.T.);
#332 = EDGE_CURVE('',#301,#333,#335,.T.);
#333 = VERTEX_POINT('',#334);
#334 = CARTESIAN_POINT('',(2.5,-2.5,1.3));
#335 = LINE('',#336,#337);
#336 = CARTESIAN_POINT('',(0.625,-2.5,1.3));
#337 = VECTOR('',#338,1.);
#338 = DIRECTION('',(1.,-1.224646799147E-16,0.));
#339 = ORIENTED_EDGE('',*,*,#340,.F.);
#340 = EDGE_CURVE('',#341,#333,#343,.T.);
#341 = VERTEX_POINT('',#342);
#342 = CARTESIAN_POINT('',(2.5,-2.5,0.1));
#343 = LINE('',#344,#345);
#344 = CARTESIAN_POINT('',(2.5,-2.5,0.1));
#345 = VECTOR('',#346,1.);
#346 = DIRECTION('',(0.,0.,1.));
#347 = ORIENTED_EDGE('',*,*,#348,.F.);
#348 = EDGE_CURVE('',#349,#341,#351,.T.);
#349 = VERTEX_POINT('',#350);
#350 = CARTESIAN_POINT('',(-2.5,-2.5,0.1));
#351 = LINE('',#352,#353);
#352 = CARTESIAN_POINT('',(-2.5,-2.5,0.1));
#353 = VECTOR('',#354,1.);
#354 = DIRECTION('',(1.,-1.224646799147E-16,0.));
#355 = ORIENTED_EDGE('',*,*,#356,.T.);
#356 = EDGE_CURVE('',#349,#184,#357,.T.);
#357 = LINE('',#358,#359);
#358 = CARTESIAN_POINT('',(-2.5,-2.5,0.1));
#359 = VECTOR('',#360,1.);
#360 = DIRECTION('',(0.,0.,1.));
#361 = ORIENTED_EDGE('',*,*,#192,.T.);
#362 = PLANE('',#363);
#363 = AXIS2_PLACEMENT_3D('',#364,#365,#366);
#364 = CARTESIAN_POINT('',(-2.5,-2.5,0.1));
#365 = DIRECTION('',(1.224646799147E-16,1.,0.));
#366 = DIRECTION('',(1.,-1.224646799147E-16,0.));
#367 = ADVANCED_FACE('',(#368,#425,#459),#493,.F.);
#368 = FACE_BOUND('',#369,.F.);
#369 = EDGE_LOOP('',(#370,#378,#386,#394,#402,#410,#416,#417,#423,#424)
  );
#370 = ORIENTED_EDGE('',*,*,#371,.F.);
#371 = EDGE_CURVE('',#372,#209,#374,.T.);
#372 = VERTEX_POINT('',#373);
#373 = CARTESIAN_POINT('',(2.5,2.5,0.1));
#374 = LINE('',#375,#376);
#375 = CARTESIAN_POINT('',(2.5,2.5,0.1));
#376 = VECTOR('',#377,1.);
#377 = DIRECTION('',(0.,0.,1.));
#378 = ORIENTED_EDGE('',*,*,#379,.F.);
#379 = EDGE_CURVE('',#380,#372,#382,.T.);
#380 = VERTEX_POINT('',#381);
#381 = CARTESIAN_POINT('',(2.5,2.1,0.1));
#382 = LINE('',#383,#384);
#383 = CARTESIAN_POINT('',(2.5,-2.5,0.1));
#384 = VECTOR('',#385,1.);
#385 = DIRECTION('',(1.224646799147E-16,1.,0.));
#386 = ORIENTED_EDGE('',*,*,#387,.F.);
#387 = EDGE_CURVE('',#388,#380,#390,.T.);
#388 = VERTEX_POINT('',#389);
#389 = CARTESIAN_POINT('',(2.5,1.2,0.1));
#390 = LINE('',#391,#392);
#391 = CARTESIAN_POINT('',(2.5,-2.5,0.1));
#392 = VECTOR('',#393,1.);
#393 = DIRECTION('',(1.224646799147E-16,1.,0.));
#394 = ORIENTED_EDGE('',*,*,#395,.F.);
#395 = EDGE_CURVE('',#396,#388,#398,.T.);
#396 = VERTEX_POINT('',#397);
#397 = CARTESIAN_POINT('',(2.5,-1.2,0.1));
#398 = LINE('',#399,#400);
#399 = CARTESIAN_POINT('',(2.5,-2.5,0.1));
#400 = VECTOR('',#401,1.);
#401 = DIRECTION('',(1.224646799147E-16,1.,0.));
#402 = ORIENTED_EDGE('',*,*,#403,.F.);
#403 = EDGE_CURVE('',#404,#396,#406,.T.);
#404 = VERTEX_POINT('',#405);
#405 = CARTESIAN_POINT('',(2.5,-2.1,0.1));
#406 = LINE('',#407,#408);
#407 = CARTESIAN_POINT('',(2.5,-2.5,0.1));
#408 = VECTOR('',#409,1.);
#409 = DIRECTION('',(1.224646799147E-16,1.,0.));
#410 = ORIENTED_EDGE('',*,*,#411,.F.);
#411 = EDGE_CURVE('',#341,#404,#412,.T.);
#412 = LINE('',#413,#414);
#413 = CARTESIAN_POINT('',(2.5,-2.5,0.1));
#414 = VECTOR('',#415,1.);
#415 = DIRECTION('',(1.224646799147E-16,1.,0.));
#416 = ORIENTED_EDGE('',*,*,#340,.T.);
#417 = ORIENTED_EDGE('',*,*,#418,.T.);
#418 = EDGE_CURVE('',#333,#309,#419,.T.);
#419 = LINE('',#420,#421);
#420 = CARTESIAN_POINT('',(2.5,-3.125,1.3));
#421 = VECTOR('',#422,1.);
#422 = DIRECTION('',(1.224646799147E-16,1.,0.));
#423 = ORIENTED_EDGE('',*,*,#316,.T.);
#424 = ORIENTED_EDGE('',*,*,#208,.T.);
#425 = FACE_BOUND('',#426,.F.);
#426 = EDGE_LOOP('',(#427,#437,#445,#453));
#427 = ORIENTED_EDGE('',*,*,#428,.T.);
#428 = EDGE_CURVE('',#429,#431,#433,.T.);
#429 = VERTEX_POINT('',#430);
#430 = CARTESIAN_POINT('',(2.5,1.2,0.9));
#431 = VERTEX_POINT('',#432);
#432 = CARTESIAN_POINT('',(2.5,2.1,0.9));
#433 = LINE('',#434,#435);
#434 = CARTESIAN_POINT('',(2.5,-0.425,0.9));
#435 = VECTOR('',#436,1.);
#436 = DIRECTION('',(1.224646799147E-16,1.,-1.556307025767E-32));
#437 = ORIENTED_EDGE('',*,*,#438,.T.);
#438 = EDGE_CURVE('',#431,#439,#441,.T.);
#439 = VERTEX_POINT('',#440);
#440 = CARTESIAN_POINT('',(2.5,2.1,1.));
#441 = LINE('',#442,#443);
#442 = CARTESIAN_POINT('',(2.5,2.1,5.E-02));
#443 = VECTOR('',#444,1.);
#444 = DIRECTION('',(0.,0.,1.));
#445 = ORIENTED_EDGE('',*,*,#446,.F.);
#446 = EDGE_CURVE('',#447,#439,#449,.T.);
#447 = VERTEX_POINT('',#448);
#448 = CARTESIAN_POINT('',(2.5,1.2,1.));
#449 = LINE('',#450,#451);
#450 = CARTESIAN_POINT('',(2.5,-0.425,1.));
#451 = VECTOR('',#452,1.);
#452 = DIRECTION('',(1.224646799147E-16,1.,0.));
#453 = ORIENTED_EDGE('',*,*,#454,.T.);
#454 = EDGE_CURVE('',#447,#429,#455,.T.);
#455 = LINE('',#456,#457);
#456 = CARTESIAN_POINT('',(2.5,1.2,5.E-02));
#457 = VECTOR('',#458,1.);
#458 = DIRECTION('',(-0.,0.,-1.));
#459 = FACE_BOUND('',#460,.F.);
#460 = EDGE_LOOP('',(#461,#471,#479,#487));
#461 = ORIENTED_EDGE('',*,*,#462,.F.);
#462 = EDGE_CURVE('',#463,#465,#467,.T.);
#463 = VERTEX_POINT('',#464);
#464 = CARTESIAN_POINT('',(2.5,-2.1,1.));
#465 = VERTEX_POINT('',#466);
#466 = CARTESIAN_POINT('',(2.5,-1.2,1.));
#467 = LINE('',#468,#469);
#468 = CARTESIAN_POINT('',(2.5,-2.075,1.));
#469 = VECTOR('',#470,1.);
#470 = DIRECTION('',(1.224646799147E-16,1.,0.));
#471 = ORIENTED_EDGE('',*,*,#472,.T.);
#472 = EDGE_CURVE('',#463,#473,#475,.T.);
#473 = VERTEX_POINT('',#474);
#474 = CARTESIAN_POINT('',(2.5,-2.1,0.9));
#475 = LINE('',#476,#477);
#476 = CARTESIAN_POINT('',(2.5,-2.1,5.E-02));
#477 = VECTOR('',#478,1.);
#478 = DIRECTION('',(-0.,0.,-1.));
#479 = ORIENTED_EDGE('',*,*,#480,.T.);
#480 = EDGE_CURVE('',#473,#481,#483,.T.);
#481 = VERTEX_POINT('',#482);
#482 = CARTESIAN_POINT('',(2.5,-1.2,0.9));
#483 = LINE('',#484,#485);
#484 = CARTESIAN_POINT('',(2.5,-2.075,0.9));
#485 = VECTOR('',#486,1.);
#486 = DIRECTION('',(1.224646799147E-16,1.,-3.890767564419E-33));
#487 = ORIENTED_EDGE('',*,*,#488,.T.);
#488 = EDGE_CURVE('',#481,#465,#489,.T.);
#489 = LINE('',#490,#491);
#490 = CARTESIAN_POINT('',(2.5,-1.2,5.E-02));
#491 = VECTOR('',#492,1.);
#492 = DIRECTION('',(0.,0.,1.));
#493 = PLANE('',#494);
#494 = AXIS2_PLACEMENT_3D('',#495,#496,#497);
#495 = CARTESIAN_POINT('',(2.5,-2.5,0.1));
#496 = DIRECTION('',(-1.,1.224646799147E-16,0.));
#497 = DIRECTION('',(1.224646799147E-16,1.,0.));
#498 = ADVANCED_FACE('',(#499,#549,#583),#617,.F.);
#499 = FACE_BOUND('',#500,.F.);
#500 = EDGE_LOOP('',(#501,#509,#510,#511,#519,#527,#535,#543));
#501 = ORIENTED_EDGE('',*,*,#502,.T.);
#502 = EDGE_CURVE('',#503,#234,#505,.T.);
#503 = VERTEX_POINT('',#504);
#504 = CARTESIAN_POINT('',(-2.5,2.5,0.1));
#505 = LINE('',#506,#507);
#506 = CARTESIAN_POINT('',(-2.5,2.5,0.1));
#507 = VECTOR('',#508,1.);
#508 = DIRECTION('',(0.,0.,1.));
#509 = ORIENTED_EDGE('',*,*,#233,.T.);
#510 = ORIENTED_EDGE('',*,*,#356,.F.);
#511 = ORIENTED_EDGE('',*,*,#512,.F.);
#512 = EDGE_CURVE('',#513,#349,#515,.T.);
#513 = VERTEX_POINT('',#514);
#514 = CARTESIAN_POINT('',(-2.5,-2.1,0.1));
#515 = LINE('',#516,#517);
#516 = CARTESIAN_POINT('',(-2.5,2.5,0.1));
#517 = VECTOR('',#518,1.);
#518 = DIRECTION('',(-1.224646799147E-16,-1.,0.));
#519 = ORIENTED_EDGE('',*,*,#520,.F.);
#520 = EDGE_CURVE('',#521,#513,#523,.T.);
#521 = VERTEX_POINT('',#522);
#522 = CARTESIAN_POINT('',(-2.5,-1.2,0.1));
#523 = LINE('',#524,#525);
#524 = CARTESIAN_POINT('',(-2.5,2.5,0.1));
#525 = VECTOR('',#526,1.);
#526 = DIRECTION('',(-1.224646799147E-16,-1.,0.));
#527 = ORIENTED_EDGE('',*,*,#528,.F.);
#528 = EDGE_CURVE('',#529,#521,#531,.T.);
#529 = VERTEX_POINT('',#530);
#530 = CARTESIAN_POINT('',(-2.5,1.2,0.1));
#531 = LINE('',#532,#533);
#532 = CARTESIAN_POINT('',(-2.5,2.5,0.1));
#533 = VECTOR('',#534,1.);
#534 = DIRECTION('',(-1.224646799147E-16,-1.,0.));
#535 = ORIENTED_EDGE('',*,*,#536,.F.);
#536 = EDGE_CURVE('',#537,#529,#539,.T.);
#537 = VERTEX_POINT('',#538);
#538 = CARTESIAN_POINT('',(-2.5,2.1,0.1));
#539 = LINE('',#540,#541);
#540 = CARTESIAN_POINT('',(-2.5,2.5,0.1));
#541 = VECTOR('',#542,1.);
#542 = DIRECTION('',(-1.224646799147E-16,-1.,0.));
#543 = ORIENTED_EDGE('',*,*,#544,.F.);
#544 = EDGE_CURVE('',#503,#537,#545,.T.);
#545 = LINE('',#546,#547);
#546 = CARTESIAN_POINT('',(-2.5,2.5,0.1));
#547 = VECTOR('',#548,1.);
#548 = DIRECTION('',(-1.224646799147E-16,-1.,0.));
#549 = FACE_BOUND('',#550,.F.);
#550 = EDGE_LOOP('',(#551,#561,#569,#577));
#551 = ORIENTED_EDGE('',*,*,#552,.F.);
#552 = EDGE_CURVE('',#553,#555,#557,.T.);
#553 = VERTEX_POINT('',#554);
#554 = CARTESIAN_POINT('',(-2.5,-1.2,1.));
#555 = VERTEX_POINT('',#556);
#556 = CARTESIAN_POINT('',(-2.5,-2.1,1.));
#557 = LINE('',#558,#559);
#558 = CARTESIAN_POINT('',(-2.5,0.425,1.));
#559 = VECTOR('',#560,1.);
#560 = DIRECTION('',(-1.224646799147E-16,-1.,0.));
#561 = ORIENTED_EDGE('',*,*,#562,.T.);
#562 = EDGE_CURVE('',#553,#563,#565,.T.);
#563 = VERTEX_POINT('',#564);
#564 = CARTESIAN_POINT('',(-2.5,-1.2,0.9));
#565 = LINE('',#566,#567);
#566 = CARTESIAN_POINT('',(-2.5,-1.2,5.E-02));
#567 = VECTOR('',#568,1.);
#568 = DIRECTION('',(-0.,0.,-1.));
#569 = ORIENTED_EDGE('',*,*,#570,.T.);
#570 = EDGE_CURVE('',#563,#571,#573,.T.);
#571 = VERTEX_POINT('',#572);
#572 = CARTESIAN_POINT('',(-2.5,-2.1,0.9));
#573 = LINE('',#574,#575);
#574 = CARTESIAN_POINT('',(-2.5,0.425,0.9));
#575 = VECTOR('',#576,1.);
#576 = DIRECTION('',(-1.224646799147E-16,-1.,3.890767564419E-33));
#577 = ORIENTED_EDGE('',*,*,#578,.T.);
#578 = EDGE_CURVE('',#571,#555,#579,.T.);
#579 = LINE('',#580,#581);
#580 = CARTESIAN_POINT('',(-2.5,-2.1,5.E-02));
#581 = VECTOR('',#582,1.);
#582 = DIRECTION('',(0.,0.,1.));
#583 = FACE_BOUND('',#584,.F.);
#584 = EDGE_LOOP('',(#585,#595,#603,#611));
#585 = ORIENTED_EDGE('',*,*,#586,.F.);
#586 = EDGE_CURVE('',#587,#589,#591,.T.);
#587 = VERTEX_POINT('',#588);
#588 = CARTESIAN_POINT('',(-2.5,2.1,1.));
#589 = VERTEX_POINT('',#590);
#590 = CARTESIAN_POINT('',(-2.5,1.2,1.));
#591 = LINE('',#592,#593);
#592 = CARTESIAN_POINT('',(-2.5,2.075,1.));
#593 = VECTOR('',#594,1.);
#594 = DIRECTION('',(-1.224646799147E-16,-1.,0.));
#595 = ORIENTED_EDGE('',*,*,#596,.T.);
#596 = EDGE_CURVE('',#587,#597,#599,.T.);
#597 = VERTEX_POINT('',#598);
#598 = CARTESIAN_POINT('',(-2.5,2.1,0.9));
#599 = LINE('',#600,#601);
#600 = CARTESIAN_POINT('',(-2.5,2.1,5.E-02));
#601 = VECTOR('',#602,1.);
#602 = DIRECTION('',(-0.,0.,-1.));
#603 = ORIENTED_EDGE('',*,*,#604,.T.);
#604 = EDGE_CURVE('',#597,#605,#607,.T.);
#605 = VERTEX_POINT('',#606);
#606 = CARTESIAN_POINT('',(-2.5,1.2,0.9));
#607 = LINE('',#608,#609);
#608 = CARTESIAN_POINT('',(-2.5,2.075,0.9));
#609 = VECTOR('',#610,1.);
#610 = DIRECTION('',(-1.224646799147E-16,-1.,1.556307025767E-32));
#611 = ORIENTED_EDGE('',*,*,#612,.T.);
#612 = EDGE_CURVE('',#605,#589,#613,.T.);
#613 = LINE('',#614,#615);
#614 = CARTESIAN_POINT('',(-2.5,1.2,5.E-02));
#615 = VECTOR('',#616,1.);
#616 = DIRECTION('',(0.,0.,1.));
#617 = PLANE('',#618);
#618 = AXIS2_PLACEMENT_3D('',#619,#620,#621);
#619 = CARTESIAN_POINT('',(-2.5,2.5,0.1));
#620 = DIRECTION('',(1.,-1.224646799147E-16,0.));
#621 = DIRECTION('',(-1.224646799147E-16,-1.,0.));
#622 = ADVANCED_FACE('',(#623),#634,.F.);
#623 = FACE_BOUND('',#624,.F.);
#624 = EDGE_LOOP('',(#625,#626,#627,#628));
#625 = ORIENTED_EDGE('',*,*,#371,.T.);
#626 = ORIENTED_EDGE('',*,*,#258,.T.);
#627 = ORIENTED_EDGE('',*,*,#502,.F.);
#628 = ORIENTED_EDGE('',*,*,#629,.F.);
#629 = EDGE_CURVE('',#372,#503,#630,.T.);
#630 = LINE('',#631,#632);
#631 = CARTESIAN_POINT('',(2.5,2.5,0.1));
#632 = VECTOR('',#633,1.);
#633 = DIRECTION('',(-1.,1.224646799147E-16,0.));
#634 = PLANE('',#635);
#635 = AXIS2_PLACEMENT_3D('',#636,#637,#638);
#636 = CARTESIAN_POINT('',(2.5,2.5,0.1));
#637 = DIRECTION('',(-1.224646799147E-16,-1.,0.));
#638 = DIRECTION('',(-1.,1.224646799147E-16,0.));
#639 = ADVANCED_FACE('',(#640),#643,.T.);
#640 = FACE_BOUND('',#641,.T.);
#641 = EDGE_LOOP('',(#642));
#642 = ORIENTED_EDGE('',*,*,#285,.T.);
#643 = PLANE('',#644);
#644 = AXIS2_PLACEMENT_3D('',#645,#646,#647);
#645 = CARTESIAN_POINT('',(1.538370149107E-16,-1.370800865949E-16,1.225)
  );
#646 = DIRECTION('',(0.,0.,1.));
#647 = DIRECTION('',(-1.,1.224646799147E-16,0.));
#648 = ADVANCED_FACE('',(#649),#654,.T.);
#649 = FACE_BOUND('',#650,.T.);
#650 = EDGE_LOOP('',(#651,#652,#653));
#651 = ORIENTED_EDGE('',*,*,#418,.T.);
#652 = ORIENTED_EDGE('',*,*,#308,.T.);
#653 = ORIENTED_EDGE('',*,*,#332,.T.);
#654 = PLANE('',#655);
#655 = AXIS2_PLACEMENT_3D('',#656,#657,#658);
#656 = CARTESIAN_POINT('',(3.75,-3.75,1.3));
#657 = DIRECTION('',(0.,0.,1.));
#658 = DIRECTION('',(-0.707106781187,-0.707106781187,0.));
#659 = ADVANCED_FACE('',(#660),#822,.F.);
#660 = FACE_BOUND('',#661,.F.);
#661 = EDGE_LOOP('',(#662,#663,#664,#665,#673,#681,#689,#697,#703,#704,
    #712,#720,#728,#736,#742,#743,#744,#745,#753,#761,#769,#777,#783,
    #784,#792,#800,#808,#816));
#662 = ORIENTED_EDGE('',*,*,#379,.T.);
#663 = ORIENTED_EDGE('',*,*,#629,.T.);
#664 = ORIENTED_EDGE('',*,*,#544,.T.);
#665 = ORIENTED_EDGE('',*,*,#666,.F.);
#666 = EDGE_CURVE('',#667,#537,#669,.T.);
#667 = VERTEX_POINT('',#668);
#668 = CARTESIAN_POINT('',(-1.95,2.1,0.1));
#669 = LINE('',#670,#671);
#670 = CARTESIAN_POINT('',(-2.025,2.1,0.1));
#671 = VECTOR('',#672,1.);
#672 = DIRECTION('',(-1.,1.224646799147E-16,-4.996063166392E-32));
#673 = ORIENTED_EDGE('',*,*,#674,.T.);
#674 = EDGE_CURVE('',#667,#675,#677,.T.);
#675 = VERTEX_POINT('',#676);
#676 = CARTESIAN_POINT('',(-1.8,2.1,0.1));
#677 = LINE('',#678,#679);
#678 = CARTESIAN_POINT('',(-0.9,2.1,0.1));
#679 = VECTOR('',#680,1.);
#680 = DIRECTION('',(1.,-1.224646799147E-16,0.));
#681 = ORIENTED_EDGE('',*,*,#682,.T.);
#682 = EDGE_CURVE('',#675,#683,#685,.T.);
#683 = VERTEX_POINT('',#684);
#684 = CARTESIAN_POINT('',(-1.8,1.2,0.1));
#685 = LINE('',#686,#687);
#686 = CARTESIAN_POINT('',(-1.8,0.6,0.1));
#687 = VECTOR('',#688,1.);
#688 = DIRECTION('',(-1.224646799147E-16,-1.,0.));
#689 = ORIENTED_EDGE('',*,*,#690,.T.);
#690 = EDGE_CURVE('',#683,#691,#693,.T.);
#691 = VERTEX_POINT('',#692);
#692 = CARTESIAN_POINT('',(-1.95,1.2,0.1));
#693 = LINE('',#694,#695);
#694 = CARTESIAN_POINT('',(-1.35,1.2,0.1));
#695 = VECTOR('',#696,1.);
#696 = DIRECTION('',(-1.,1.224646799147E-16,0.));
#697 = ORIENTED_EDGE('',*,*,#698,.F.);
#698 = EDGE_CURVE('',#529,#691,#699,.T.);
#699 = LINE('',#700,#701);
#700 = CARTESIAN_POINT('',(-2.475,1.2,0.1));
#701 = VECTOR('',#702,1.);
#702 = DIRECTION('',(1.,-1.224646799147E-16,4.996063166392E-32));
#703 = ORIENTED_EDGE('',*,*,#528,.T.);
#704 = ORIENTED_EDGE('',*,*,#705,.F.);
#705 = EDGE_CURVE('',#706,#521,#708,.T.);
#706 = VERTEX_POINT('',#707);
#707 = CARTESIAN_POINT('',(-1.95,-1.2,0.1));
#708 = LINE('',#709,#710);
#709 = CARTESIAN_POINT('',(-2.025,-1.2,0.1));
#710 = VECTOR('',#711,1.);
#711 = DIRECTION('',(-1.,1.224646799147E-16,-4.996063166392E-32));
#712 = ORIENTED_EDGE('',*,*,#713,.T.);
#713 = EDGE_CURVE('',#706,#714,#716,.T.);
#714 = VERTEX_POINT('',#715);
#715 = CARTESIAN_POINT('',(-1.8,-1.2,0.1));
#716 = LINE('',#717,#718);
#717 = CARTESIAN_POINT('',(-0.9,-1.2,0.1));
#718 = VECTOR('',#719,1.);
#719 = DIRECTION('',(1.,-1.224646799147E-16,0.));
#720 = ORIENTED_EDGE('',*,*,#721,.T.);
#721 = EDGE_CURVE('',#714,#722,#724,.T.);
#722 = VERTEX_POINT('',#723);
#723 = CARTESIAN_POINT('',(-1.8,-2.1,0.1));
#724 = LINE('',#725,#726);
#725 = CARTESIAN_POINT('',(-1.8,-1.05,0.1));
#726 = VECTOR('',#727,1.);
#727 = DIRECTION('',(-1.224646799147E-16,-1.,0.));
#728 = ORIENTED_EDGE('',*,*,#729,.T.);
#729 = EDGE_CURVE('',#722,#730,#732,.T.);
#730 = VERTEX_POINT('',#731);
#731 = CARTESIAN_POINT('',(-1.95,-2.1,0.1));
#732 = LINE('',#733,#734);
#733 = CARTESIAN_POINT('',(-1.35,-2.1,0.1));
#734 = VECTOR('',#735,1.);
#735 = DIRECTION('',(-1.,1.224646799147E-16,0.));
#736 = ORIENTED_EDGE('',*,*,#737,.F.);
#737 = EDGE_CURVE('',#513,#730,#738,.T.);
#738 = LINE('',#739,#740);
#739 = CARTESIAN_POINT('',(-2.475,-2.1,0.1));
#740 = VECTOR('',#741,1.);
#741 = DIRECTION('',(1.,-1.224646799147E-16,4.996063166392E-32));
#742 = ORIENTED_EDGE('',*,*,#512,.T.);
#743 = ORIENTED_EDGE('',*,*,#348,.T.);
#744 = ORIENTED_EDGE('',*,*,#411,.T.);
#745 = ORIENTED_EDGE('',*,*,#746,.F.);
#746 = EDGE_CURVE('',#747,#404,#749,.T.);
#747 = VERTEX_POINT('',#748);
#748 = CARTESIAN_POINT('',(1.95,-2.1,0.1));
#749 = LINE('',#750,#751);
#750 = CARTESIAN_POINT('',(2.025,-2.1,0.1));
#751 = VECTOR('',#752,1.);
#752 = DIRECTION('',(1.,-1.224646799147E-16,-4.996063166392E-32));
#753 = ORIENTED_EDGE('',*,*,#754,.T.);
#754 = EDGE_CURVE('',#747,#755,#757,.T.);
#755 = VERTEX_POINT('',#756);
#756 = CARTESIAN_POINT('',(1.8,-2.1,0.1));
#757 = LINE('',#758,#759);
#758 = CARTESIAN_POINT('',(0.9,-2.1,0.1));
#759 = VECTOR('',#760,1.);
#760 = DIRECTION('',(-1.,1.224646799147E-16,0.));
#761 = ORIENTED_EDGE('',*,*,#762,.T.);
#762 = EDGE_CURVE('',#755,#763,#765,.T.);
#763 = VERTEX_POINT('',#764);
#764 = CARTESIAN_POINT('',(1.8,-1.2,0.1));
#765 = LINE('',#766,#767);
#766 = CARTESIAN_POINT('',(1.8,-0.6,0.1));
#767 = VECTOR('',#768,1.);
#768 = DIRECTION('',(1.224646799147E-16,1.,0.));
#769 = ORIENTED_EDGE('',*,*,#770,.T.);
#770 = EDGE_CURVE('',#763,#771,#773,.T.);
#771 = VERTEX_POINT('',#772);
#772 = CARTESIAN_POINT('',(1.95,-1.2,0.1));
#773 = LINE('',#774,#775);
#774 = CARTESIAN_POINT('',(1.35,-1.2,0.1));
#775 = VECTOR('',#776,1.);
#776 = DIRECTION('',(1.,-1.224646799147E-16,0.));
#777 = ORIENTED_EDGE('',*,*,#778,.F.);
#778 = EDGE_CURVE('',#396,#771,#779,.T.);
#779 = LINE('',#780,#781);
#780 = CARTESIAN_POINT('',(2.475,-1.2,0.1));
#781 = VECTOR('',#782,1.);
#782 = DIRECTION('',(-1.,1.224646799147E-16,4.996063166392E-32));
#783 = ORIENTED_EDGE('',*,*,#395,.T.);
#784 = ORIENTED_EDGE('',*,*,#785,.F.);
#785 = EDGE_CURVE('',#786,#388,#788,.T.);
#786 = VERTEX_POINT('',#787);
#787 = CARTESIAN_POINT('',(1.95,1.2,0.1));
#788 = LINE('',#789,#790);
#789 = CARTESIAN_POINT('',(2.025,1.2,0.1));
#790 = VECTOR('',#791,1.);
#791 = DIRECTION('',(1.,-1.224646799147E-16,-4.996063166392E-32));
#792 = ORIENTED_EDGE('',*,*,#793,.T.);
#793 = EDGE_CURVE('',#786,#794,#796,.T.);
#794 = VERTEX_POINT('',#795);
#795 = CARTESIAN_POINT('',(1.8,1.2,0.1));
#796 = LINE('',#797,#798);
#797 = CARTESIAN_POINT('',(0.9,1.2,0.1));
#798 = VECTOR('',#799,1.);
#799 = DIRECTION('',(-1.,1.224646799147E-16,0.));
#800 = ORIENTED_EDGE('',*,*,#801,.T.);
#801 = EDGE_CURVE('',#794,#802,#804,.T.);
#802 = VERTEX_POINT('',#803);
#803 = CARTESIAN_POINT('',(1.8,2.1,0.1));
#804 = LINE('',#805,#806);
#805 = CARTESIAN_POINT('',(1.8,1.05,0.1));
#806 = VECTOR('',#807,1.);
#807 = DIRECTION('',(1.224646799147E-16,1.,0.));
#808 = ORIENTED_EDGE('',*,*,#809,.T.);
#809 = EDGE_CURVE('',#802,#810,#812,.T.);
#810 = VERTEX_POINT('',#811);
#811 = CARTESIAN_POINT('',(1.95,2.1,0.1));
#812 = LINE('',#813,#814);
#813 = CARTESIAN_POINT('',(1.35,2.1,0.1));
#814 = VECTOR('',#815,1.);
#815 = DIRECTION('',(1.,-1.224646799147E-16,0.));
#816 = ORIENTED_EDGE('',*,*,#817,.F.);
#817 = EDGE_CURVE('',#380,#810,#818,.T.);
#818 = LINE('',#819,#820);
#819 = CARTESIAN_POINT('',(2.475,2.1,0.1));
#820 = VECTOR('',#821,1.);
#821 = DIRECTION('',(-1.,1.224646799147E-16,4.996063166392E-32));
#822 = PLANE('',#823);
#823 = AXIS2_PLACEMENT_3D('',#824,#825,#826);
#824 = CARTESIAN_POINT('',(0.,0.,0.1));
#825 = DIRECTION('',(0.,0.,1.));
#826 = DIRECTION('',(-1.,1.224646799147E-16,0.));
#827 = ADVANCED_FACE('',(#828),#853,.T.);
#828 = FACE_BOUND('',#829,.T.);
#829 = EDGE_LOOP('',(#830,#840,#846,#847));
#830 = ORIENTED_EDGE('',*,*,#831,.T.);
#831 = EDGE_CURVE('',#832,#834,#836,.T.);
#832 = VERTEX_POINT('',#833);
#833 = CARTESIAN_POINT('',(2.55,1.2,0.1));
#834 = VERTEX_POINT('',#835);
#835 = CARTESIAN_POINT('',(2.55,2.1,0.1));
#836 = LINE('',#837,#838);
#837 = CARTESIAN_POINT('',(2.55,1.1,0.1));
#838 = VECTOR('',#839,1.);
#839 = DIRECTION('',(1.224646799147E-16,1.,0.));
#840 = ORIENTED_EDGE('',*,*,#841,.T.);
#841 = EDGE_CURVE('',#834,#380,#842,.T.);
#842 = LINE('',#843,#844);
#843 = CARTESIAN_POINT('',(2.475,2.1,0.1));
#844 = VECTOR('',#845,1.);
#845 = DIRECTION('',(-1.,1.224646799147E-16,4.996063166392E-32));
#846 = ORIENTED_EDGE('',*,*,#387,.F.);
#847 = ORIENTED_EDGE('',*,*,#848,.T.);
#848 = EDGE_CURVE('',#388,#832,#849,.T.);
#849 = LINE('',#850,#851);
#850 = CARTESIAN_POINT('',(2.025,1.2,0.1));
#851 = VECTOR('',#852,1.);
#852 = DIRECTION('',(1.,-1.224646799147E-16,-4.996063166392E-32));
#853 = PLANE('',#854);
#854 = AXIS2_PLACEMENT_3D('',#855,#856,#857);
#855 = CARTESIAN_POINT('',(2.25,1.65,0.1));
#856 = DIRECTION('',(4.996063166392E-32,1.556307025767E-32,1.));
#857 = DIRECTION('',(-1.,1.224646799147E-16,4.996063166392E-32));
#858 = ADVANCED_FACE('',(#859),#884,.T.);
#859 = FACE_BOUND('',#860,.T.);
#860 = EDGE_LOOP('',(#861,#871,#877,#878));
#861 = ORIENTED_EDGE('',*,*,#862,.T.);
#862 = EDGE_CURVE('',#863,#865,#867,.T.);
#863 = VERTEX_POINT('',#864);
#864 = CARTESIAN_POINT('',(2.55,-2.1,0.1));
#865 = VERTEX_POINT('',#866);
#866 = CARTESIAN_POINT('',(2.55,-1.2,0.1));
#867 = LINE('',#868,#869);
#868 = CARTESIAN_POINT('',(2.55,-2.2,0.1));
#869 = VECTOR('',#870,1.);
#870 = DIRECTION('',(1.224646799147E-16,1.,0.));
#871 = ORIENTED_EDGE('',*,*,#872,.T.);
#872 = EDGE_CURVE('',#865,#396,#873,.T.);
#873 = LINE('',#874,#875);
#874 = CARTESIAN_POINT('',(2.475,-1.2,0.1));
#875 = VECTOR('',#876,1.);
#876 = DIRECTION('',(-1.,1.224646799147E-16,4.996063166392E-32));
#877 = ORIENTED_EDGE('',*,*,#403,.F.);
#878 = ORIENTED_EDGE('',*,*,#879,.T.);
#879 = EDGE_CURVE('',#404,#863,#880,.T.);
#880 = LINE('',#881,#882);
#881 = CARTESIAN_POINT('',(2.025,-2.1,0.1));
#882 = VECTOR('',#883,1.);
#883 = DIRECTION('',(1.,-1.224646799147E-16,-4.996063166392E-32));
#884 = PLANE('',#885);
#885 = AXIS2_PLACEMENT_3D('',#886,#887,#888);
#886 = CARTESIAN_POINT('',(2.25,-1.65,0.1));
#887 = DIRECTION('',(4.996063166392E-32,3.890767564419E-33,1.));
#888 = DIRECTION('',(-1.,1.224646799147E-16,4.996063166392E-32));
#889 = ADVANCED_FACE('',(#890),#915,.F.);
#890 = FACE_BOUND('',#891,.F.);
#891 = EDGE_LOOP('',(#892,#902,#908,#909));
#892 = ORIENTED_EDGE('',*,*,#893,.T.);
#893 = EDGE_CURVE('',#894,#896,#898,.T.);
#894 = VERTEX_POINT('',#895);
#895 = CARTESIAN_POINT('',(2.55,1.2,0.9));
#896 = VERTEX_POINT('',#897);
#897 = CARTESIAN_POINT('',(2.55,2.1,0.9));
#898 = LINE('',#899,#900);
#899 = CARTESIAN_POINT('',(2.55,1.1,0.9));
#900 = VECTOR('',#901,1.);
#901 = DIRECTION('',(1.224646799147E-16,1.,0.));
#902 = ORIENTED_EDGE('',*,*,#903,.T.);
#903 = EDGE_CURVE('',#896,#431,#904,.T.);
#904 = LINE('',#905,#906);
#905 = CARTESIAN_POINT('',(2.475,2.1,0.9));
#906 = VECTOR('',#907,1.);
#907 = DIRECTION('',(-1.,1.224646799147E-16,4.996063166392E-32));
#908 = ORIENTED_EDGE('',*,*,#428,.F.);
#909 = ORIENTED_EDGE('',*,*,#910,.T.);
#910 = EDGE_CURVE('',#429,#894,#911,.T.);
#911 = LINE('',#912,#913);
#912 = CARTESIAN_POINT('',(2.025,1.2,0.9));
#913 = VECTOR('',#914,1.);
#914 = DIRECTION('',(1.,-1.224646799147E-16,-4.996063166392E-32));
#915 = PLANE('',#916);
#916 = AXIS2_PLACEMENT_3D('',#917,#918,#919);
#917 = CARTESIAN_POINT('',(2.25,1.65,0.9));
#918 = DIRECTION('',(4.996063166392E-32,1.556307025767E-32,1.));
#919 = DIRECTION('',(-1.,1.224646799147E-16,4.996063166392E-32));
#920 = ADVANCED_FACE('',(#921),#1000,.F.);
#921 = FACE_BOUND('',#922,.F.);
#922 = EDGE_LOOP('',(#923,#933,#942,#950,#956,#957,#958,#959,#968,#976,
    #983,#984,#985,#993));
#923 = ORIENTED_EDGE('',*,*,#924,.F.);
#924 = EDGE_CURVE('',#925,#927,#929,.T.);
#925 = VERTEX_POINT('',#926);
#926 = CARTESIAN_POINT('',(2.7,1.2,5.E-02));
#927 = VERTEX_POINT('',#928);
#928 = CARTESIAN_POINT('',(2.7,1.2,0.95));
#929 = LINE('',#930,#931);
#930 = CARTESIAN_POINT('',(2.7,1.2,0.));
#931 = VECTOR('',#932,1.);
#932 = DIRECTION('',(0.,0.,1.));
#933 = ORIENTED_EDGE('',*,*,#934,.T.);
#934 = EDGE_CURVE('',#925,#935,#937,.T.);
#935 = VERTEX_POINT('',#936);
#936 = CARTESIAN_POINT('',(2.65,1.2,-6.938893903907E-18));
#937 = CIRCLE('',#938,5.E-02);
#938 = AXIS2_PLACEMENT_3D('',#939,#940,#941);
#939 = CARTESIAN_POINT('',(2.65,1.2,5.E-02));
#940 = DIRECTION('',(1.224646799147E-16,1.,0.));
#941 = DIRECTION('',(0.,0.,-1.));
#942 = ORIENTED_EDGE('',*,*,#943,.F.);
#943 = EDGE_CURVE('',#944,#935,#946,.T.);
#944 = VERTEX_POINT('',#945);
#945 = CARTESIAN_POINT('',(1.8,1.2,0.));
#946 = LINE('',#947,#948);
#947 = CARTESIAN_POINT('',(1.8,1.2,0.));
#948 = VECTOR('',#949,1.);
#949 = DIRECTION('',(1.,-1.224646799147E-16,0.));
#950 = ORIENTED_EDGE('',*,*,#951,.T.);
#951 = EDGE_CURVE('',#944,#794,#952,.T.);
#952 = LINE('',#953,#954);
#953 = CARTESIAN_POINT('',(1.8,1.2,0.));
#954 = VECTOR('',#955,1.);
#955 = DIRECTION('',(0.,0.,1.));
#956 = ORIENTED_EDGE('',*,*,#793,.F.);
#957 = ORIENTED_EDGE('',*,*,#785,.T.);
#958 = ORIENTED_EDGE('',*,*,#848,.T.);
#959 = ORIENTED_EDGE('',*,*,#960,.F.);
#960 = EDGE_CURVE('',#961,#832,#963,.T.);
#961 = VERTEX_POINT('',#962);
#962 = CARTESIAN_POINT('',(2.6,1.2,0.15));
#963 = CIRCLE('',#964,5.E-02);
#964 = AXIS2_PLACEMENT_3D('',#965,#966,#967);
#965 = CARTESIAN_POINT('',(2.55,1.2,0.15));
#966 = DIRECTION('',(1.224646799147E-16,1.,0.));
#967 = DIRECTION('',(1.,-1.224646799147E-16,0.));
#968 = ORIENTED_EDGE('',*,*,#969,.T.);
#969 = EDGE_CURVE('',#961,#970,#972,.T.);
#970 = VERTEX_POINT('',#971);
#971 = CARTESIAN_POINT('',(2.6,1.2,0.85));
#972 = LINE('',#973,#974);
#973 = CARTESIAN_POINT('',(2.6,1.2,5.E-02));
#974 = VECTOR('',#975,1.);
#975 = DIRECTION('',(0.,0.,1.));
#976 = ORIENTED_EDGE('',*,*,#977,.F.);
#977 = EDGE_CURVE('',#894,#970,#978,.T.);
#978 = CIRCLE('',#979,5.E-02);
#979 = AXIS2_PLACEMENT_3D('',#980,#981,#982);
#980 = CARTESIAN_POINT('',(2.55,1.2,0.85));
#981 = DIRECTION('',(1.224646799147E-16,1.,0.));
#982 = DIRECTION('',(1.,-1.224646799147E-16,0.));
#983 = ORIENTED_EDGE('',*,*,#910,.F.);
#984 = ORIENTED_EDGE('',*,*,#454,.F.);
#985 = ORIENTED_EDGE('',*,*,#986,.T.);
#986 = EDGE_CURVE('',#447,#987,#989,.T.);
#987 = VERTEX_POINT('',#988);
#988 = CARTESIAN_POINT('',(2.65,1.2,1.));
#989 = LINE('',#990,#991);
#990 = CARTESIAN_POINT('',(1.8,1.2,1.));
#991 = VECTOR('',#992,1.);
#992 = DIRECTION('',(1.,-1.224646799147E-16,0.));
#993 = ORIENTED_EDGE('',*,*,#994,.F.);
#994 = EDGE_CURVE('',#927,#987,#995,.T.);
#995 = CIRCLE('',#996,5.E-02);
#996 = AXIS2_PLACEMENT_3D('',#997,#998,#999);
#997 = CARTESIAN_POINT('',(2.65,1.2,0.95));
#998 = DIRECTION('',(-1.224646799147E-16,-1.,0.));
#999 = DIRECTION('',(-0.,0.,-1.));
#1000 = PLANE('',#1001);
#1001 = AXIS2_PLACEMENT_3D('',#1002,#1003,#1004);
#1002 = CARTESIAN_POINT('',(1.8,1.2,0.));
#1003 = DIRECTION('',(1.224646799147E-16,1.,0.));
#1004 = DIRECTION('',(1.,-1.224646799147E-16,0.));
#1005 = ADVANCED_FACE('',(#1006),#1024,.T.);
#1006 = FACE_BOUND('',#1007,.T.);
#1007 = EDGE_LOOP('',(#1008,#1016,#1022,#1023));
#1008 = ORIENTED_EDGE('',*,*,#1009,.T.);
#1009 = EDGE_CURVE('',#987,#1010,#1012,.T.);
#1010 = VERTEX_POINT('',#1011);
#1011 = CARTESIAN_POINT('',(2.65,2.1,1.));
#1012 = LINE('',#1013,#1014);
#1013 = CARTESIAN_POINT('',(2.65,1.2,1.));
#1014 = VECTOR('',#1015,1.);
#1015 = DIRECTION('',(1.224646799147E-16,1.,0.));
#1016 = ORIENTED_EDGE('',*,*,#1017,.T.);
#1017 = EDGE_CURVE('',#1010,#439,#1018,.T.);
#1018 = LINE('',#1019,#1020);
#1019 = CARTESIAN_POINT('',(2.7,2.1,1.));
#1020 = VECTOR('',#1021,1.);
#1021 = DIRECTION('',(-1.,1.224646799147E-16,0.));
#1022 = ORIENTED_EDGE('',*,*,#446,.F.);
#1023 = ORIENTED_EDGE('',*,*,#986,.T.);
#1024 = PLANE('',#1025);
#1025 = AXIS2_PLACEMENT_3D('',#1026,#1027,#1028);
#1026 = CARTESIAN_POINT('',(2.25,1.65,1.));
#1027 = DIRECTION('',(0.,0.,1.));
#1028 = DIRECTION('',(-1.,1.224646799147E-16,0.));
#1029 = ADVANCED_FACE('',(#1030),#1102,.F.);
#1030 = FACE_BOUND('',#1031,.F.);
#1031 = EDGE_LOOP('',(#1032,#1043,#1051,#1058,#1059,#1060,#1061,#1070,
    #1078,#1085,#1086,#1087,#1088,#1096));
#1032 = ORIENTED_EDGE('',*,*,#1033,.F.);
#1033 = EDGE_CURVE('',#1034,#1036,#1038,.T.);
#1034 = VERTEX_POINT('',#1035);
#1035 = CARTESIAN_POINT('',(2.7,2.1,5.E-02));
#1036 = VERTEX_POINT('',#1037);
#1037 = CARTESIAN_POINT('',(2.65,2.1,-6.938893903907E-18));
#1038 = CIRCLE('',#1039,5.E-02);
#1039 = AXIS2_PLACEMENT_3D('',#1040,#1041,#1042);
#1040 = CARTESIAN_POINT('',(2.65,2.1,5.E-02));
#1041 = DIRECTION('',(1.224646799147E-16,1.,0.));
#1042 = DIRECTION('',(0.,0.,-1.));
#1043 = ORIENTED_EDGE('',*,*,#1044,.T.);
#1044 = EDGE_CURVE('',#1034,#1045,#1047,.T.);
#1045 = VERTEX_POINT('',#1046);
#1046 = CARTESIAN_POINT('',(2.7,2.1,0.95));
#1047 = LINE('',#1048,#1049);
#1048 = CARTESIAN_POINT('',(2.7,2.1,0.));
#1049 = VECTOR('',#1050,1.);
#1050 = DIRECTION('',(0.,0.,1.));
#1051 = ORIENTED_EDGE('',*,*,#1052,.T.);
#1052 = EDGE_CURVE('',#1045,#1010,#1053,.T.);
#1053 = CIRCLE('',#1054,5.E-02);
#1054 = AXIS2_PLACEMENT_3D('',#1055,#1056,#1057);
#1055 = CARTESIAN_POINT('',(2.65,2.1,0.95));
#1056 = DIRECTION('',(-1.224646799147E-16,-1.,0.));
#1057 = DIRECTION('',(-0.,0.,-1.));
#1058 = ORIENTED_EDGE('',*,*,#1017,.T.);
#1059 = ORIENTED_EDGE('',*,*,#438,.F.);
#1060 = ORIENTED_EDGE('',*,*,#903,.F.);
#1061 = ORIENTED_EDGE('',*,*,#1062,.T.);
#1062 = EDGE_CURVE('',#896,#1063,#1065,.T.);
#1063 = VERTEX_POINT('',#1064);
#1064 = CARTESIAN_POINT('',(2.6,2.1,0.85));
#1065 = CIRCLE('',#1066,5.E-02);
#1066 = AXIS2_PLACEMENT_3D('',#1067,#1068,#1069);
#1067 = CARTESIAN_POINT('',(2.55,2.1,0.85));
#1068 = DIRECTION('',(1.224646799147E-16,1.,0.));
#1069 = DIRECTION('',(1.,-1.224646799147E-16,0.));
#1070 = ORIENTED_EDGE('',*,*,#1071,.T.);
#1071 = EDGE_CURVE('',#1063,#1072,#1074,.T.);
#1072 = VERTEX_POINT('',#1073);
#1073 = CARTESIAN_POINT('',(2.6,2.1,0.15));
#1074 = LINE('',#1075,#1076);
#1075 = CARTESIAN_POINT('',(2.6,2.1,5.E-02));
#1076 = VECTOR('',#1077,1.);
#1077 = DIRECTION('',(0.,-0.,-1.));
#1078 = ORIENTED_EDGE('',*,*,#1079,.T.);
#1079 = EDGE_CURVE('',#1072,#834,#1080,.T.);
#1080 = CIRCLE('',#1081,5.E-02);
#1081 = AXIS2_PLACEMENT_3D('',#1082,#1083,#1084);
#1082 = CARTESIAN_POINT('',(2.55,2.1,0.15));
#1083 = DIRECTION('',(1.224646799147E-16,1.,0.));
#1084 = DIRECTION('',(1.,-1.224646799147E-16,0.));
#1085 = ORIENTED_EDGE('',*,*,#841,.T.);
#1086 = ORIENTED_EDGE('',*,*,#817,.T.);
#1087 = ORIENTED_EDGE('',*,*,#809,.F.);
#1088 = ORIENTED_EDGE('',*,*,#1089,.F.);
#1089 = EDGE_CURVE('',#1090,#802,#1092,.T.);
#1090 = VERTEX_POINT('',#1091);
#1091 = CARTESIAN_POINT('',(1.8,2.1,0.));
#1092 = LINE('',#1093,#1094);
#1093 = CARTESIAN_POINT('',(1.8,2.1,0.));
#1094 = VECTOR('',#1095,1.);
#1095 = DIRECTION('',(0.,0.,1.));
#1096 = ORIENTED_EDGE('',*,*,#1097,.F.);
#1097 = EDGE_CURVE('',#1036,#1090,#1098,.T.);
#1098 = LINE('',#1099,#1100);
#1099 = CARTESIAN_POINT('',(2.7,2.1,0.));
#1100 = VECTOR('',#1101,1.);
#1101 = DIRECTION('',(-1.,1.224646799147E-16,0.));
#1102 = PLANE('',#1103);
#1103 = AXIS2_PLACEMENT_3D('',#1104,#1105,#1106);
#1104 = CARTESIAN_POINT('',(2.7,2.1,0.));
#1105 = DIRECTION('',(-1.224646799147E-16,-1.,0.));
#1106 = DIRECTION('',(-1.,1.224646799147E-16,0.));
#1107 = ADVANCED_FACE('',(#1108),#1133,.T.);
#1108 = FACE_BOUND('',#1109,.T.);
#1109 = EDGE_LOOP('',(#1110,#1120,#1126,#1127));
#1110 = ORIENTED_EDGE('',*,*,#1111,.T.);
#1111 = EDGE_CURVE('',#1112,#1114,#1116,.T.);
#1112 = VERTEX_POINT('',#1113);
#1113 = CARTESIAN_POINT('',(2.65,-2.1,1.));
#1114 = VERTEX_POINT('',#1115);
#1115 = CARTESIAN_POINT('',(2.65,-1.2,1.));
#1116 = LINE('',#1117,#1118);
#1117 = CARTESIAN_POINT('',(2.65,-2.1,1.));
#1118 = VECTOR('',#1119,1.);
#1119 = DIRECTION('',(1.224646799147E-16,1.,0.));
#1120 = ORIENTED_EDGE('',*,*,#1121,.T.);
#1121 = EDGE_CURVE('',#1114,#465,#1122,.T.);
#1122 = LINE('',#1123,#1124);
#1123 = CARTESIAN_POINT('',(2.7,-1.2,1.));
#1124 = VECTOR('',#1125,1.);
#1125 = DIRECTION('',(-1.,1.224646799147E-16,0.));
#1126 = ORIENTED_EDGE('',*,*,#462,.F.);
#1127 = ORIENTED_EDGE('',*,*,#1128,.T.);
#1128 = EDGE_CURVE('',#463,#1112,#1129,.T.);
#1129 = LINE('',#1130,#1131);
#1130 = CARTESIAN_POINT('',(1.8,-2.1,1.));
#1131 = VECTOR('',#1132,1.);
#1132 = DIRECTION('',(1.,-1.224646799147E-16,0.));
#1133 = PLANE('',#1134);
#1134 = AXIS2_PLACEMENT_3D('',#1135,#1136,#1137);
#1135 = CARTESIAN_POINT('',(2.25,-1.65,1.));
#1136 = DIRECTION('',(0.,0.,1.));
#1137 = DIRECTION('',(-1.,1.224646799147E-16,0.));
#1138 = ADVANCED_FACE('',(#1139),#1218,.F.);
#1139 = FACE_BOUND('',#1140,.F.);
#1140 = EDGE_LOOP('',(#1141,#1152,#1160,#1167,#1168,#1169,#1177,#1186,
    #1194,#1201,#1202,#1203,#1204,#1212));
#1141 = ORIENTED_EDGE('',*,*,#1142,.F.);
#1142 = EDGE_CURVE('',#1143,#1145,#1147,.T.);
#1143 = VERTEX_POINT('',#1144);
#1144 = CARTESIAN_POINT('',(2.7,-1.2,5.E-02));
#1145 = VERTEX_POINT('',#1146);
#1146 = CARTESIAN_POINT('',(2.65,-1.2,-6.938893903907E-18));
#1147 = CIRCLE('',#1148,5.E-02);
#1148 = AXIS2_PLACEMENT_3D('',#1149,#1150,#1151);
#1149 = CARTESIAN_POINT('',(2.65,-1.2,5.E-02));
#1150 = DIRECTION('',(1.224646799147E-16,1.,0.));
#1151 = DIRECTION('',(0.,0.,-1.));
#1152 = ORIENTED_EDGE('',*,*,#1153,.T.);
#1153 = EDGE_CURVE('',#1143,#1154,#1156,.T.);
#1154 = VERTEX_POINT('',#1155);
#1155 = CARTESIAN_POINT('',(2.7,-1.2,0.95));
#1156 = LINE('',#1157,#1158);
#1157 = CARTESIAN_POINT('',(2.7,-1.2,0.));
#1158 = VECTOR('',#1159,1.);
#1159 = DIRECTION('',(0.,0.,1.));
#1160 = ORIENTED_EDGE('',*,*,#1161,.T.);
#1161 = EDGE_CURVE('',#1154,#1114,#1162,.T.);
#1162 = CIRCLE('',#1163,5.E-02);
#1163 = AXIS2_PLACEMENT_3D('',#1164,#1165,#1166);
#1164 = CARTESIAN_POINT('',(2.65,-1.2,0.95));
#1165 = DIRECTION('',(-1.224646799147E-16,-1.,0.));
#1166 = DIRECTION('',(-0.,0.,-1.));
#1167 = ORIENTED_EDGE('',*,*,#1121,.T.);
#1168 = ORIENTED_EDGE('',*,*,#488,.F.);
#1169 = ORIENTED_EDGE('',*,*,#1170,.F.);
#1170 = EDGE_CURVE('',#1171,#481,#1173,.T.);
#1171 = VERTEX_POINT('',#1172);
#1172 = CARTESIAN_POINT('',(2.55,-1.2,0.9));
#1173 = LINE('',#1174,#1175);
#1174 = CARTESIAN_POINT('',(2.475,-1.2,0.9));
#1175 = VECTOR('',#1176,1.);
#1176 = DIRECTION('',(-1.,1.224646799147E-16,4.996063166392E-32));
#1177 = ORIENTED_EDGE('',*,*,#1178,.T.);
#1178 = EDGE_CURVE('',#1171,#1179,#1181,.T.);
#1179 = VERTEX_POINT('',#1180);
#1180 = CARTESIAN_POINT('',(2.6,-1.2,0.85));
#1181 = CIRCLE('',#1182,5.E-02);
#1182 = AXIS2_PLACEMENT_3D('',#1183,#1184,#1185);
#1183 = CARTESIAN_POINT('',(2.55,-1.2,0.85));
#1184 = DIRECTION('',(1.224646799147E-16,1.,0.));
#1185 = DIRECTION('',(1.,-1.224646799147E-16,0.));
#1186 = ORIENTED_EDGE('',*,*,#1187,.T.);
#1187 = EDGE_CURVE('',#1179,#1188,#1190,.T.);
#1188 = VERTEX_POINT('',#1189);
#1189 = CARTESIAN_POINT('',(2.6,-1.2,0.15));
#1190 = LINE('',#1191,#1192);
#1191 = CARTESIAN_POINT('',(2.6,-1.2,5.E-02));
#1192 = VECTOR('',#1193,1.);
#1193 = DIRECTION('',(0.,-0.,-1.));
#1194 = ORIENTED_EDGE('',*,*,#1195,.T.);
#1195 = EDGE_CURVE('',#1188,#865,#1196,.T.);
#1196 = CIRCLE('',#1197,5.E-02);
#1197 = AXIS2_PLACEMENT_3D('',#1198,#1199,#1200);
#1198 = CARTESIAN_POINT('',(2.55,-1.2,0.15));
#1199 = DIRECTION('',(1.224646799147E-16,1.,0.));
#1200 = DIRECTION('',(1.,-1.224646799147E-16,0.));
#1201 = ORIENTED_EDGE('',*,*,#872,.T.);
#1202 = ORIENTED_EDGE('',*,*,#778,.T.);
#1203 = ORIENTED_EDGE('',*,*,#770,.F.);
#1204 = ORIENTED_EDGE('',*,*,#1205,.F.);
#1205 = EDGE_CURVE('',#1206,#763,#1208,.T.);
#1206 = VERTEX_POINT('',#1207);
#1207 = CARTESIAN_POINT('',(1.8,-1.2,0.));
#1208 = LINE('',#1209,#1210);
#1209 = CARTESIAN_POINT('',(1.8,-1.2,0.));
#1210 = VECTOR('',#1211,1.);
#1211 = DIRECTION('',(0.,0.,1.));
#1212 = ORIENTED_EDGE('',*,*,#1213,.F.);
#1213 = EDGE_CURVE('',#1145,#1206,#1214,.T.);
#1214 = LINE('',#1215,#1216);
#1215 = CARTESIAN_POINT('',(2.7,-1.2,0.));
#1216 = VECTOR('',#1217,1.);
#1217 = DIRECTION('',(-1.,1.224646799147E-16,0.));
#1218 = PLANE('',#1219);
#1219 = AXIS2_PLACEMENT_3D('',#1220,#1221,#1222);
#1220 = CARTESIAN_POINT('',(2.7,-1.2,0.));
#1221 = DIRECTION('',(-1.224646799147E-16,-1.,0.));
#1222 = DIRECTION('',(-1.,1.224646799147E-16,0.));
#1223 = ADVANCED_FACE('',(#1224),#1242,.F.);
#1224 = FACE_BOUND('',#1225,.F.);
#1225 = EDGE_LOOP('',(#1226,#1234,#1235,#1236));
#1226 = ORIENTED_EDGE('',*,*,#1227,.T.);
#1227 = EDGE_CURVE('',#1228,#1171,#1230,.T.);
#1228 = VERTEX_POINT('',#1229);
#1229 = CARTESIAN_POINT('',(2.55,-2.1,0.9));
#1230 = LINE('',#1231,#1232);
#1231 = CARTESIAN_POINT('',(2.55,-2.2,0.9));
#1232 = VECTOR('',#1233,1.);
#1233 = DIRECTION('',(1.224646799147E-16,1.,0.));
#1234 = ORIENTED_EDGE('',*,*,#1170,.T.);
#1235 = ORIENTED_EDGE('',*,*,#480,.F.);
#1236 = ORIENTED_EDGE('',*,*,#1237,.T.);
#1237 = EDGE_CURVE('',#473,#1228,#1238,.T.);
#1238 = LINE('',#1239,#1240);
#1239 = CARTESIAN_POINT('',(2.025,-2.1,0.9));
#1240 = VECTOR('',#1241,1.);
#1241 = DIRECTION('',(1.,-1.224646799147E-16,-4.996063166392E-32));
#1242 = PLANE('',#1243);
#1243 = AXIS2_PLACEMENT_3D('',#1244,#1245,#1246);
#1244 = CARTESIAN_POINT('',(2.25,-1.65,0.9));
#1245 = DIRECTION('',(4.996063166392E-32,3.890767564419E-33,1.));
#1246 = DIRECTION('',(-1.,1.224646799147E-16,4.996063166392E-32));
#1247 = ADVANCED_FACE('',(#1248),#1320,.F.);
#1248 = FACE_BOUND('',#1249,.F.);
#1249 = EDGE_LOOP('',(#1250,#1260,#1269,#1277,#1283,#1284,#1285,#1286,
    #1295,#1303,#1310,#1311,#1312,#1313));
#1250 = ORIENTED_EDGE('',*,*,#1251,.F.);
#1251 = EDGE_CURVE('',#1252,#1254,#1256,.T.);
#1252 = VERTEX_POINT('',#1253);
#1253 = CARTESIAN_POINT('',(2.7,-2.1,5.E-02));
#1254 = VERTEX_POINT('',#1255);
#1255 = CARTESIAN_POINT('',(2.7,-2.1,0.95));
#1256 = LINE('',#1257,#1258);
#1257 = CARTESIAN_POINT('',(2.7,-2.1,0.));
#1258 = VECTOR('',#1259,1.);
#1259 = DIRECTION('',(0.,0.,1.));
#1260 = ORIENTED_EDGE('',*,*,#1261,.T.);
#1261 = EDGE_CURVE('',#1252,#1262,#1264,.T.);
#1262 = VERTEX_POINT('',#1263);
#1263 = CARTESIAN_POINT('',(2.65,-2.1,-6.938893903907E-18));
#1264 = CIRCLE('',#1265,5.E-02);
#1265 = AXIS2_PLACEMENT_3D('',#1266,#1267,#1268);
#1266 = CARTESIAN_POINT('',(2.65,-2.1,5.E-02));
#1267 = DIRECTION('',(1.224646799147E-16,1.,0.));
#1268 = DIRECTION('',(0.,0.,-1.));
#1269 = ORIENTED_EDGE('',*,*,#1270,.F.);
#1270 = EDGE_CURVE('',#1271,#1262,#1273,.T.);
#1271 = VERTEX_POINT('',#1272);
#1272 = CARTESIAN_POINT('',(1.8,-2.1,0.));
#1273 = LINE('',#1274,#1275);
#1274 = CARTESIAN_POINT('',(1.8,-2.1,0.));
#1275 = VECTOR('',#1276,1.);
#1276 = DIRECTION('',(1.,-1.224646799147E-16,0.));
#1277 = ORIENTED_EDGE('',*,*,#1278,.T.);
#1278 = EDGE_CURVE('',#1271,#755,#1279,.T.);
#1279 = LINE('',#1280,#1281);
#1280 = CARTESIAN_POINT('',(1.8,-2.1,0.));
#1281 = VECTOR('',#1282,1.);
#1282 = DIRECTION('',(0.,0.,1.));
#1283 = ORIENTED_EDGE('',*,*,#754,.F.);
#1284 = ORIENTED_EDGE('',*,*,#746,.T.);
#1285 = ORIENTED_EDGE('',*,*,#879,.T.);
#1286 = ORIENTED_EDGE('',*,*,#1287,.F.);
#1287 = EDGE_CURVE('',#1288,#863,#1290,.T.);
#1288 = VERTEX_POINT('',#1289);
#1289 = CARTESIAN_POINT('',(2.6,-2.1,0.15));
#1290 = CIRCLE('',#1291,5.E-02);
#1291 = AXIS2_PLACEMENT_3D('',#1292,#1293,#1294);
#1292 = CARTESIAN_POINT('',(2.55,-2.1,0.15));
#1293 = DIRECTION('',(1.224646799147E-16,1.,0.));
#1294 = DIRECTION('',(1.,-1.224646799147E-16,0.));
#1295 = ORIENTED_EDGE('',*,*,#1296,.T.);
#1296 = EDGE_CURVE('',#1288,#1297,#1299,.T.);
#1297 = VERTEX_POINT('',#1298);
#1298 = CARTESIAN_POINT('',(2.6,-2.1,0.85));
#1299 = LINE('',#1300,#1301);
#1300 = CARTESIAN_POINT('',(2.6,-2.1,5.E-02));
#1301 = VECTOR('',#1302,1.);
#1302 = DIRECTION('',(0.,0.,1.));
#1303 = ORIENTED_EDGE('',*,*,#1304,.F.);
#1304 = EDGE_CURVE('',#1228,#1297,#1305,.T.);
#1305 = CIRCLE('',#1306,5.E-02);
#1306 = AXIS2_PLACEMENT_3D('',#1307,#1308,#1309);
#1307 = CARTESIAN_POINT('',(2.55,-2.1,0.85));
#1308 = DIRECTION('',(1.224646799147E-16,1.,0.));
#1309 = DIRECTION('',(1.,-1.224646799147E-16,0.));
#1310 = ORIENTED_EDGE('',*,*,#1237,.F.);
#1311 = ORIENTED_EDGE('',*,*,#472,.F.);
#1312 = ORIENTED_EDGE('',*,*,#1128,.T.);
#1313 = ORIENTED_EDGE('',*,*,#1314,.F.);
#1314 = EDGE_CURVE('',#1254,#1112,#1315,.T.);
#1315 = CIRCLE('',#1316,5.E-02);
#1316 = AXIS2_PLACEMENT_3D('',#1317,#1318,#1319);
#1317 = CARTESIAN_POINT('',(2.65,-2.1,0.95));
#1318 = DIRECTION('',(-1.224646799147E-16,-1.,0.));
#1319 = DIRECTION('',(-0.,0.,-1.));
#1320 = PLANE('',#1321);
#1321 = AXIS2_PLACEMENT_3D('',#1322,#1323,#1324);
#1322 = CARTESIAN_POINT('',(1.8,-2.1,0.));
#1323 = DIRECTION('',(1.224646799147E-16,1.,0.));
#1324 = DIRECTION('',(1.,-1.224646799147E-16,0.));
#1325 = ADVANCED_FACE('',(#1326),#1351,.T.);
#1326 = FACE_BOUND('',#1327,.T.);
#1327 = EDGE_LOOP('',(#1328,#1329,#1337,#1345));
#1328 = ORIENTED_EDGE('',*,*,#536,.F.);
#1329 = ORIENTED_EDGE('',*,*,#1330,.T.);
#1330 = EDGE_CURVE('',#537,#1331,#1333,.T.);
#1331 = VERTEX_POINT('',#1332);
#1332 = CARTESIAN_POINT('',(-2.55,2.1,0.1));
#1333 = LINE('',#1334,#1335);
#1334 = CARTESIAN_POINT('',(-2.025,2.1,0.1));
#1335 = VECTOR('',#1336,1.);
#1336 = DIRECTION('',(-1.,1.224646799147E-16,-4.996063166392E-32));
#1337 = ORIENTED_EDGE('',*,*,#1338,.T.);
#1338 = EDGE_CURVE('',#1331,#1339,#1341,.T.);
#1339 = VERTEX_POINT('',#1340);
#1340 = CARTESIAN_POINT('',(-2.55,1.2,0.1));
#1341 = LINE('',#1342,#1343);
#1342 = CARTESIAN_POINT('',(-2.55,2.2,0.1));
#1343 = VECTOR('',#1344,1.);
#1344 = DIRECTION('',(-1.224646799147E-16,-1.,0.));
#1345 = ORIENTED_EDGE('',*,*,#1346,.T.);
#1346 = EDGE_CURVE('',#1339,#529,#1347,.T.);
#1347 = LINE('',#1348,#1349);
#1348 = CARTESIAN_POINT('',(-2.475,1.2,0.1));
#1349 = VECTOR('',#1350,1.);
#1350 = DIRECTION('',(1.,-1.224646799147E-16,4.996063166392E-32));
#1351 = PLANE('',#1352);
#1352 = AXIS2_PLACEMENT_3D('',#1353,#1354,#1355);
#1353 = CARTESIAN_POINT('',(-2.25,1.65,0.1));
#1354 = DIRECTION('',(-4.996063166392E-32,1.556307025767E-32,1.));
#1355 = DIRECTION('',(-1.,1.224646799147E-16,-4.996063166392E-32));
#1356 = ADVANCED_FACE('',(#1357),#1382,.T.);
#1357 = FACE_BOUND('',#1358,.T.);
#1358 = EDGE_LOOP('',(#1359,#1360,#1368,#1376));
#1359 = ORIENTED_EDGE('',*,*,#520,.F.);
#1360 = ORIENTED_EDGE('',*,*,#1361,.T.);
#1361 = EDGE_CURVE('',#521,#1362,#1364,.T.);
#1362 = VERTEX_POINT('',#1363);
#1363 = CARTESIAN_POINT('',(-2.55,-1.2,0.1));
#1364 = LINE('',#1365,#1366);
#1365 = CARTESIAN_POINT('',(-2.025,-1.2,0.1));
#1366 = VECTOR('',#1367,1.);
#1367 = DIRECTION('',(-1.,1.224646799147E-16,-4.996063166392E-32));
#1368 = ORIENTED_EDGE('',*,*,#1369,.T.);
#1369 = EDGE_CURVE('',#1362,#1370,#1372,.T.);
#1370 = VERTEX_POINT('',#1371);
#1371 = CARTESIAN_POINT('',(-2.55,-2.1,0.1));
#1372 = LINE('',#1373,#1374);
#1373 = CARTESIAN_POINT('',(-2.55,-1.1,0.1));
#1374 = VECTOR('',#1375,1.);
#1375 = DIRECTION('',(-1.224646799147E-16,-1.,0.));
#1376 = ORIENTED_EDGE('',*,*,#1377,.T.);
#1377 = EDGE_CURVE('',#1370,#513,#1378,.T.);
#1378 = LINE('',#1379,#1380);
#1379 = CARTESIAN_POINT('',(-2.475,-2.1,0.1));
#1380 = VECTOR('',#1381,1.);
#1381 = DIRECTION('',(1.,-1.224646799147E-16,4.996063166392E-32));
#1382 = PLANE('',#1383);
#1383 = AXIS2_PLACEMENT_3D('',#1384,#1385,#1386);
#1384 = CARTESIAN_POINT('',(-2.25,-1.65,0.1));
#1385 = DIRECTION('',(-4.996063166392E-32,3.890767564419E-33,1.));
#1386 = DIRECTION('',(-1.,1.224646799147E-16,-4.996063166392E-32));
#1387 = ADVANCED_FACE('',(#1388),#1413,.T.);
#1388 = FACE_BOUND('',#1389,.T.);
#1389 = EDGE_LOOP('',(#1390,#1391,#1399,#1407));
#1390 = ORIENTED_EDGE('',*,*,#552,.F.);
#1391 = ORIENTED_EDGE('',*,*,#1392,.T.);
#1392 = EDGE_CURVE('',#553,#1393,#1395,.T.);
#1393 = VERTEX_POINT('',#1394);
#1394 = CARTESIAN_POINT('',(-2.65,-1.2,1.));
#1395 = LINE('',#1396,#1397);
#1396 = CARTESIAN_POINT('',(-1.8,-1.2,1.));
#1397 = VECTOR('',#1398,1.);
#1398 = DIRECTION('',(-1.,1.224646799147E-16,0.));
#1399 = ORIENTED_EDGE('',*,*,#1400,.T.);
#1400 = EDGE_CURVE('',#1393,#1401,#1403,.T.);
#1401 = VERTEX_POINT('',#1402);
#1402 = CARTESIAN_POINT('',(-2.65,-2.1,1.));
#1403 = LINE('',#1404,#1405);
#1404 = CARTESIAN_POINT('',(-2.65,-1.2,1.));
#1405 = VECTOR('',#1406,1.);
#1406 = DIRECTION('',(-1.224646799147E-16,-1.,0.));
#1407 = ORIENTED_EDGE('',*,*,#1408,.T.);
#1408 = EDGE_CURVE('',#1401,#555,#1409,.T.);
#1409 = LINE('',#1410,#1411);
#1410 = CARTESIAN_POINT('',(-2.7,-2.1,1.));
#1411 = VECTOR('',#1412,1.);
#1412 = DIRECTION('',(1.,-1.224646799147E-16,0.));
#1413 = PLANE('',#1414);
#1414 = AXIS2_PLACEMENT_3D('',#1415,#1416,#1417);
#1415 = CARTESIAN_POINT('',(-2.25,-1.65,1.));
#1416 = DIRECTION('',(0.,0.,1.));
#1417 = DIRECTION('',(-1.,1.224646799147E-16,0.));
#1418 = ADVANCED_FACE('',(#1419),#1498,.F.);
#1419 = FACE_BOUND('',#1420,.F.);
#1420 = EDGE_LOOP('',(#1421,#1432,#1440,#1447,#1448,#1449,#1457,#1466,
    #1474,#1481,#1482,#1483,#1484,#1492));
#1421 = ORIENTED_EDGE('',*,*,#1422,.F.);
#1422 = EDGE_CURVE('',#1423,#1425,#1427,.T.);
#1423 = VERTEX_POINT('',#1424);
#1424 = CARTESIAN_POINT('',(-2.7,-2.1,5.E-02));
#1425 = VERTEX_POINT('',#1426);
#1426 = CARTESIAN_POINT('',(-2.65,-2.1,-6.938893903907E-18));
#1427 = CIRCLE('',#1428,5.E-02);
#1428 = AXIS2_PLACEMENT_3D('',#1429,#1430,#1431);
#1429 = CARTESIAN_POINT('',(-2.65,-2.1,5.E-02));
#1430 = DIRECTION('',(-1.224646799147E-16,-1.,0.));
#1431 = DIRECTION('',(0.,0.,1.));
#1432 = ORIENTED_EDGE('',*,*,#1433,.T.);
#1433 = EDGE_CURVE('',#1423,#1434,#1436,.T.);
#1434 = VERTEX_POINT('',#1435);
#1435 = CARTESIAN_POINT('',(-2.7,-2.1,0.95));
#1436 = LINE('',#1437,#1438);
#1437 = CARTESIAN_POINT('',(-2.7,-2.1,0.));
#1438 = VECTOR('',#1439,1.);
#1439 = DIRECTION('',(0.,0.,1.));
#1440 = ORIENTED_EDGE('',*,*,#1441,.F.);
#1441 = EDGE_CURVE('',#1401,#1434,#1442,.T.);
#1442 = CIRCLE('',#1443,5.E-02);
#1443 = AXIS2_PLACEMENT_3D('',#1444,#1445,#1446);
#1444 = CARTESIAN_POINT('',(-2.65,-2.1,0.95));
#1445 = DIRECTION('',(-1.224646799147E-16,-1.,0.));
#1446 = DIRECTION('',(0.,0.,1.));
#1447 = ORIENTED_EDGE('',*,*,#1408,.T.);
#1448 = ORIENTED_EDGE('',*,*,#578,.F.);
#1449 = ORIENTED_EDGE('',*,*,#1450,.F.);
#1450 = EDGE_CURVE('',#1451,#571,#1453,.T.);
#1451 = VERTEX_POINT('',#1452);
#1452 = CARTESIAN_POINT('',(-2.55,-2.1,0.9));
#1453 = LINE('',#1454,#1455);
#1454 = CARTESIAN_POINT('',(-2.475,-2.1,0.9));
#1455 = VECTOR('',#1456,1.);
#1456 = DIRECTION('',(1.,-1.224646799147E-16,4.996063166392E-32));
#1457 = ORIENTED_EDGE('',*,*,#1458,.T.);
#1458 = EDGE_CURVE('',#1451,#1459,#1461,.T.);
#1459 = VERTEX_POINT('',#1460);
#1460 = CARTESIAN_POINT('',(-2.6,-2.1,0.85));
#1461 = CIRCLE('',#1462,5.E-02);
#1462 = AXIS2_PLACEMENT_3D('',#1463,#1464,#1465);
#1463 = CARTESIAN_POINT('',(-2.55,-2.1,0.85));
#1464 = DIRECTION('',(-1.224646799147E-16,-1.,0.));
#1465 = DIRECTION('',(-1.,1.224646799147E-16,0.));
#1466 = ORIENTED_EDGE('',*,*,#1467,.T.);
#1467 = EDGE_CURVE('',#1459,#1468,#1470,.T.);
#1468 = VERTEX_POINT('',#1469);
#1469 = CARTESIAN_POINT('',(-2.6,-2.1,0.15));
#1470 = LINE('',#1471,#1472);
#1471 = CARTESIAN_POINT('',(-2.6,-2.1,5.E-02));
#1472 = VECTOR('',#1473,1.);
#1473 = DIRECTION('',(0.,0.,-1.));
#1474 = ORIENTED_EDGE('',*,*,#1475,.T.);
#1475 = EDGE_CURVE('',#1468,#1370,#1476,.T.);
#1476 = CIRCLE('',#1477,5.E-02);
#1477 = AXIS2_PLACEMENT_3D('',#1478,#1479,#1480);
#1478 = CARTESIAN_POINT('',(-2.55,-2.1,0.15));
#1479 = DIRECTION('',(-1.224646799147E-16,-1.,0.));
#1480 = DIRECTION('',(4.996063166392E-32,-6.118412765058E-48,-1.));
#1481 = ORIENTED_EDGE('',*,*,#1377,.T.);
#1482 = ORIENTED_EDGE('',*,*,#737,.T.);
#1483 = ORIENTED_EDGE('',*,*,#729,.F.);
#1484 = ORIENTED_EDGE('',*,*,#1485,.F.);
#1485 = EDGE_CURVE('',#1486,#722,#1488,.T.);
#1486 = VERTEX_POINT('',#1487);
#1487 = CARTESIAN_POINT('',(-1.8,-2.1,0.));
#1488 = LINE('',#1489,#1490);
#1489 = CARTESIAN_POINT('',(-1.8,-2.1,0.));
#1490 = VECTOR('',#1491,1.);
#1491 = DIRECTION('',(0.,0.,1.));
#1492 = ORIENTED_EDGE('',*,*,#1493,.F.);
#1493 = EDGE_CURVE('',#1425,#1486,#1494,.T.);
#1494 = LINE('',#1495,#1496);
#1495 = CARTESIAN_POINT('',(-2.7,-2.1,0.));
#1496 = VECTOR('',#1497,1.);
#1497 = DIRECTION('',(1.,-1.224646799147E-16,0.));
#1498 = PLANE('',#1499);
#1499 = AXIS2_PLACEMENT_3D('',#1500,#1501,#1502);
#1500 = CARTESIAN_POINT('',(-2.7,-2.1,0.));
#1501 = DIRECTION('',(1.224646799147E-16,1.,0.));
#1502 = DIRECTION('',(1.,-1.224646799147E-16,0.));
#1503 = ADVANCED_FACE('',(#1504),#1522,.F.);
#1504 = FACE_BOUND('',#1505,.F.);
#1505 = EDGE_LOOP('',(#1506,#1507,#1515,#1521));
#1506 = ORIENTED_EDGE('',*,*,#570,.F.);
#1507 = ORIENTED_EDGE('',*,*,#1508,.T.);
#1508 = EDGE_CURVE('',#563,#1509,#1511,.T.);
#1509 = VERTEX_POINT('',#1510);
#1510 = CARTESIAN_POINT('',(-2.55,-1.2,0.9));
#1511 = LINE('',#1512,#1513);
#1512 = CARTESIAN_POINT('',(-2.025,-1.2,0.9));
#1513 = VECTOR('',#1514,1.);
#1514 = DIRECTION('',(-1.,1.224646799147E-16,-4.996063166392E-32));
#1515 = ORIENTED_EDGE('',*,*,#1516,.T.);
#1516 = EDGE_CURVE('',#1509,#1451,#1517,.T.);
#1517 = LINE('',#1518,#1519);
#1518 = CARTESIAN_POINT('',(-2.55,-1.1,0.9));
#1519 = VECTOR('',#1520,1.);
#1520 = DIRECTION('',(-1.224646799147E-16,-1.,0.));
#1521 = ORIENTED_EDGE('',*,*,#1450,.T.);
#1522 = PLANE('',#1523);
#1523 = AXIS2_PLACEMENT_3D('',#1524,#1525,#1526);
#1524 = CARTESIAN_POINT('',(-2.25,-1.65,0.9));
#1525 = DIRECTION('',(-4.996063166392E-32,3.890767564419E-33,1.));
#1526 = DIRECTION('',(-1.,1.224646799147E-16,-4.996063166392E-32));
#1527 = ADVANCED_FACE('',(#1528),#1600,.F.);
#1528 = FACE_BOUND('',#1529,.F.);
#1529 = EDGE_LOOP('',(#1530,#1540,#1549,#1557,#1563,#1564,#1565,#1566,
    #1575,#1583,#1590,#1591,#1592,#1593));
#1530 = ORIENTED_EDGE('',*,*,#1531,.F.);
#1531 = EDGE_CURVE('',#1532,#1534,#1536,.T.);
#1532 = VERTEX_POINT('',#1533);
#1533 = CARTESIAN_POINT('',(-2.7,-1.2,5.E-02));
#1534 = VERTEX_POINT('',#1535);
#1535 = CARTESIAN_POINT('',(-2.7,-1.2,0.95));
#1536 = LINE('',#1537,#1538);
#1537 = CARTESIAN_POINT('',(-2.7,-1.2,0.));
#1538 = VECTOR('',#1539,1.);
#1539 = DIRECTION('',(0.,0.,1.));
#1540 = ORIENTED_EDGE('',*,*,#1541,.T.);
#1541 = EDGE_CURVE('',#1532,#1542,#1544,.T.);
#1542 = VERTEX_POINT('',#1543);
#1543 = CARTESIAN_POINT('',(-2.65,-1.2,-6.938893903907E-18));
#1544 = CIRCLE('',#1545,5.E-02);
#1545 = AXIS2_PLACEMENT_3D('',#1546,#1547,#1548);
#1546 = CARTESIAN_POINT('',(-2.65,-1.2,5.E-02));
#1547 = DIRECTION('',(-1.224646799147E-16,-1.,0.));
#1548 = DIRECTION('',(0.,0.,1.));
#1549 = ORIENTED_EDGE('',*,*,#1550,.F.);
#1550 = EDGE_CURVE('',#1551,#1542,#1553,.T.);
#1551 = VERTEX_POINT('',#1552);
#1552 = CARTESIAN_POINT('',(-1.8,-1.2,0.));
#1553 = LINE('',#1554,#1555);
#1554 = CARTESIAN_POINT('',(-1.8,-1.2,0.));
#1555 = VECTOR('',#1556,1.);
#1556 = DIRECTION('',(-1.,1.224646799147E-16,0.));
#1557 = ORIENTED_EDGE('',*,*,#1558,.T.);
#1558 = EDGE_CURVE('',#1551,#714,#1559,.T.);
#1559 = LINE('',#1560,#1561);
#1560 = CARTESIAN_POINT('',(-1.8,-1.2,0.));
#1561 = VECTOR('',#1562,1.);
#1562 = DIRECTION('',(0.,0.,1.));
#1563 = ORIENTED_EDGE('',*,*,#713,.F.);
#1564 = ORIENTED_EDGE('',*,*,#705,.T.);
#1565 = ORIENTED_EDGE('',*,*,#1361,.T.);
#1566 = ORIENTED_EDGE('',*,*,#1567,.F.);
#1567 = EDGE_CURVE('',#1568,#1362,#1570,.T.);
#1568 = VERTEX_POINT('',#1569);
#1569 = CARTESIAN_POINT('',(-2.6,-1.2,0.15));
#1570 = CIRCLE('',#1571,5.E-02);
#1571 = AXIS2_PLACEMENT_3D('',#1572,#1573,#1574);
#1572 = CARTESIAN_POINT('',(-2.55,-1.2,0.15));
#1573 = DIRECTION('',(-1.224646799147E-16,-1.,0.));
#1574 = DIRECTION('',(4.996063166392E-32,-6.118412765058E-48,-1.));
#1575 = ORIENTED_EDGE('',*,*,#1576,.T.);
#1576 = EDGE_CURVE('',#1568,#1577,#1579,.T.);
#1577 = VERTEX_POINT('',#1578);
#1578 = CARTESIAN_POINT('',(-2.6,-1.2,0.85));
#1579 = LINE('',#1580,#1581);
#1580 = CARTESIAN_POINT('',(-2.6,-1.2,5.E-02));
#1581 = VECTOR('',#1582,1.);
#1582 = DIRECTION('',(0.,0.,1.));
#1583 = ORIENTED_EDGE('',*,*,#1584,.F.);
#1584 = EDGE_CURVE('',#1509,#1577,#1585,.T.);
#1585 = CIRCLE('',#1586,5.E-02);
#1586 = AXIS2_PLACEMENT_3D('',#1587,#1588,#1589);
#1587 = CARTESIAN_POINT('',(-2.55,-1.2,0.85));
#1588 = DIRECTION('',(-1.224646799147E-16,-1.,0.));
#1589 = DIRECTION('',(-1.,1.224646799147E-16,0.));
#1590 = ORIENTED_EDGE('',*,*,#1508,.F.);
#1591 = ORIENTED_EDGE('',*,*,#562,.F.);
#1592 = ORIENTED_EDGE('',*,*,#1392,.T.);
#1593 = ORIENTED_EDGE('',*,*,#1594,.T.);
#1594 = EDGE_CURVE('',#1393,#1534,#1595,.T.);
#1595 = CIRCLE('',#1596,5.E-02);
#1596 = AXIS2_PLACEMENT_3D('',#1597,#1598,#1599);
#1597 = CARTESIAN_POINT('',(-2.65,-1.2,0.95));
#1598 = DIRECTION('',(-1.224646799147E-16,-1.,0.));
#1599 = DIRECTION('',(0.,0.,1.));
#1600 = PLANE('',#1601);
#1601 = AXIS2_PLACEMENT_3D('',#1602,#1603,#1604);
#1602 = CARTESIAN_POINT('',(-1.8,-1.2,0.));
#1603 = DIRECTION('',(-1.224646799147E-16,-1.,0.));
#1604 = DIRECTION('',(-1.,1.224646799147E-16,0.));
#1605 = ADVANCED_FACE('',(#1606),#1631,.T.);
#1606 = FACE_BOUND('',#1607,.T.);
#1607 = EDGE_LOOP('',(#1608,#1609,#1617,#1625));
#1608 = ORIENTED_EDGE('',*,*,#586,.F.);
#1609 = ORIENTED_EDGE('',*,*,#1610,.T.);
#1610 = EDGE_CURVE('',#587,#1611,#1613,.T.);
#1611 = VERTEX_POINT('',#1612);
#1612 = CARTESIAN_POINT('',(-2.65,2.1,1.));
#1613 = LINE('',#1614,#1615);
#1614 = CARTESIAN_POINT('',(-1.8,2.1,1.));
#1615 = VECTOR('',#1616,1.);
#1616 = DIRECTION('',(-1.,1.224646799147E-16,0.));
#1617 = ORIENTED_EDGE('',*,*,#1618,.T.);
#1618 = EDGE_CURVE('',#1611,#1619,#1621,.T.);
#1619 = VERTEX_POINT('',#1620);
#1620 = CARTESIAN_POINT('',(-2.65,1.2,1.));
#1621 = LINE('',#1622,#1623);
#1622 = CARTESIAN_POINT('',(-2.65,2.1,1.));
#1623 = VECTOR('',#1624,1.);
#1624 = DIRECTION('',(-1.224646799147E-16,-1.,0.));
#1625 = ORIENTED_EDGE('',*,*,#1626,.T.);
#1626 = EDGE_CURVE('',#1619,#589,#1627,.T.);
#1627 = LINE('',#1628,#1629);
#1628 = CARTESIAN_POINT('',(-2.7,1.2,1.));
#1629 = VECTOR('',#1630,1.);
#1630 = DIRECTION('',(1.,-1.224646799147E-16,0.));
#1631 = PLANE('',#1632);
#1632 = AXIS2_PLACEMENT_3D('',#1633,#1634,#1635);
#1633 = CARTESIAN_POINT('',(-2.25,1.65,1.));
#1634 = DIRECTION('',(0.,0.,1.));
#1635 = DIRECTION('',(-1.,1.224646799147E-16,0.));
#1636 = ADVANCED_FACE('',(#1637),#1716,.F.);
#1637 = FACE_BOUND('',#1638,.F.);
#1638 = EDGE_LOOP('',(#1639,#1650,#1658,#1665,#1666,#1667,#1675,#1684,
    #1692,#1699,#1700,#1701,#1702,#1710));
#1639 = ORIENTED_EDGE('',*,*,#1640,.F.);
#1640 = EDGE_CURVE('',#1641,#1643,#1645,.T.);
#1641 = VERTEX_POINT('',#1642);
#1642 = CARTESIAN_POINT('',(-2.7,1.2,5.E-02));
#1643 = VERTEX_POINT('',#1644);
#1644 = CARTESIAN_POINT('',(-2.65,1.2,-6.938893903907E-18));
#1645 = CIRCLE('',#1646,5.E-02);
#1646 = AXIS2_PLACEMENT_3D('',#1647,#1648,#1649);
#1647 = CARTESIAN_POINT('',(-2.65,1.2,5.E-02));
#1648 = DIRECTION('',(-1.224646799147E-16,-1.,0.));
#1649 = DIRECTION('',(0.,0.,1.));
#1650 = ORIENTED_EDGE('',*,*,#1651,.T.);
#1651 = EDGE_CURVE('',#1641,#1652,#1654,.T.);
#1652 = VERTEX_POINT('',#1653);
#1653 = CARTESIAN_POINT('',(-2.7,1.2,0.95));
#1654 = LINE('',#1655,#1656);
#1655 = CARTESIAN_POINT('',(-2.7,1.2,0.));
#1656 = VECTOR('',#1657,1.);
#1657 = DIRECTION('',(0.,0.,1.));
#1658 = ORIENTED_EDGE('',*,*,#1659,.F.);
#1659 = EDGE_CURVE('',#1619,#1652,#1660,.T.);
#1660 = CIRCLE('',#1661,5.E-02);
#1661 = AXIS2_PLACEMENT_3D('',#1662,#1663,#1664);
#1662 = CARTESIAN_POINT('',(-2.65,1.2,0.95));
#1663 = DIRECTION('',(-1.224646799147E-16,-1.,0.));
#1664 = DIRECTION('',(0.,0.,1.));
#1665 = ORIENTED_EDGE('',*,*,#1626,.T.);
#1666 = ORIENTED_EDGE('',*,*,#612,.F.);
#1667 = ORIENTED_EDGE('',*,*,#1668,.F.);
#1668 = EDGE_CURVE('',#1669,#605,#1671,.T.);
#1669 = VERTEX_POINT('',#1670);
#1670 = CARTESIAN_POINT('',(-2.55,1.2,0.9));
#1671 = LINE('',#1672,#1673);
#1672 = CARTESIAN_POINT('',(-2.475,1.2,0.9));
#1673 = VECTOR('',#1674,1.);
#1674 = DIRECTION('',(1.,-1.224646799147E-16,4.996063166392E-32));
#1675 = ORIENTED_EDGE('',*,*,#1676,.T.);
#1676 = EDGE_CURVE('',#1669,#1677,#1679,.T.);
#1677 = VERTEX_POINT('',#1678);
#1678 = CARTESIAN_POINT('',(-2.6,1.2,0.85));
#1679 = CIRCLE('',#1680,5.E-02);
#1680 = AXIS2_PLACEMENT_3D('',#1681,#1682,#1683);
#1681 = CARTESIAN_POINT('',(-2.55,1.2,0.85));
#1682 = DIRECTION('',(-1.224646799147E-16,-1.,0.));
#1683 = DIRECTION('',(-1.,1.224646799147E-16,0.));
#1684 = ORIENTED_EDGE('',*,*,#1685,.T.);
#1685 = EDGE_CURVE('',#1677,#1686,#1688,.T.);
#1686 = VERTEX_POINT('',#1687);
#1687 = CARTESIAN_POINT('',(-2.6,1.2,0.15));
#1688 = LINE('',#1689,#1690);
#1689 = CARTESIAN_POINT('',(-2.6,1.2,5.E-02));
#1690 = VECTOR('',#1691,1.);
#1691 = DIRECTION('',(0.,0.,-1.));
#1692 = ORIENTED_EDGE('',*,*,#1693,.T.);
#1693 = EDGE_CURVE('',#1686,#1339,#1694,.T.);
#1694 = CIRCLE('',#1695,5.E-02);
#1695 = AXIS2_PLACEMENT_3D('',#1696,#1697,#1698);
#1696 = CARTESIAN_POINT('',(-2.55,1.2,0.15));
#1697 = DIRECTION('',(-1.224646799147E-16,-1.,0.));
#1698 = DIRECTION('',(4.996063166392E-32,-6.118412765058E-48,-1.));
#1699 = ORIENTED_EDGE('',*,*,#1346,.T.);
#1700 = ORIENTED_EDGE('',*,*,#698,.T.);
#1701 = ORIENTED_EDGE('',*,*,#690,.F.);
#1702 = ORIENTED_EDGE('',*,*,#1703,.F.);
#1703 = EDGE_CURVE('',#1704,#683,#1706,.T.);
#1704 = VERTEX_POINT('',#1705);
#1705 = CARTESIAN_POINT('',(-1.8,1.2,0.));
#1706 = LINE('',#1707,#1708);
#1707 = CARTESIAN_POINT('',(-1.8,1.2,0.));
#1708 = VECTOR('',#1709,1.);
#1709 = DIRECTION('',(0.,0.,1.));
#1710 = ORIENTED_EDGE('',*,*,#1711,.F.);
#1711 = EDGE_CURVE('',#1643,#1704,#1712,.T.);
#1712 = LINE('',#1713,#1714);
#1713 = CARTESIAN_POINT('',(-2.7,1.2,0.));
#1714 = VECTOR('',#1715,1.);
#1715 = DIRECTION('',(1.,-1.224646799147E-16,0.));
#1716 = PLANE('',#1717);
#1717 = AXIS2_PLACEMENT_3D('',#1718,#1719,#1720);
#1718 = CARTESIAN_POINT('',(-2.7,1.2,0.));
#1719 = DIRECTION('',(1.224646799147E-16,1.,0.));
#1720 = DIRECTION('',(1.,-1.224646799147E-16,0.));
#1721 = ADVANCED_FACE('',(#1722),#1740,.F.);
#1722 = FACE_BOUND('',#1723,.F.);
#1723 = EDGE_LOOP('',(#1724,#1725,#1733,#1739));
#1724 = ORIENTED_EDGE('',*,*,#604,.F.);
#1725 = ORIENTED_EDGE('',*,*,#1726,.T.);
#1726 = EDGE_CURVE('',#597,#1727,#1729,.T.);
#1727 = VERTEX_POINT('',#1728);
#1728 = CARTESIAN_POINT('',(-2.55,2.1,0.9));
#1729 = LINE('',#1730,#1731);
#1730 = CARTESIAN_POINT('',(-2.025,2.1,0.9));
#1731 = VECTOR('',#1732,1.);
#1732 = DIRECTION('',(-1.,1.224646799147E-16,-4.996063166392E-32));
#1733 = ORIENTED_EDGE('',*,*,#1734,.T.);
#1734 = EDGE_CURVE('',#1727,#1669,#1735,.T.);
#1735 = LINE('',#1736,#1737);
#1736 = CARTESIAN_POINT('',(-2.55,2.2,0.9));
#1737 = VECTOR('',#1738,1.);
#1738 = DIRECTION('',(-1.224646799147E-16,-1.,0.));
#1739 = ORIENTED_EDGE('',*,*,#1668,.T.);
#1740 = PLANE('',#1741);
#1741 = AXIS2_PLACEMENT_3D('',#1742,#1743,#1744);
#1742 = CARTESIAN_POINT('',(-2.25,1.65,0.9));
#1743 = DIRECTION('',(-4.996063166392E-32,1.556307025767E-32,1.));
#1744 = DIRECTION('',(-1.,1.224646799147E-16,-4.996063166392E-32));
#1745 = ADVANCED_FACE('',(#1746),#1818,.F.);
#1746 = FACE_BOUND('',#1747,.F.);
#1747 = EDGE_LOOP('',(#1748,#1758,#1767,#1775,#1781,#1782,#1783,#1784,
    #1793,#1801,#1808,#1809,#1810,#1811));
#1748 = ORIENTED_EDGE('',*,*,#1749,.F.);
#1749 = EDGE_CURVE('',#1750,#1752,#1754,.T.);
#1750 = VERTEX_POINT('',#1751);
#1751 = CARTESIAN_POINT('',(-2.7,2.1,5.E-02));
#1752 = VERTEX_POINT('',#1753);
#1753 = CARTESIAN_POINT('',(-2.7,2.1,0.95));
#1754 = LINE('',#1755,#1756);
#1755 = CARTESIAN_POINT('',(-2.7,2.1,0.));
#1756 = VECTOR('',#1757,1.);
#1757 = DIRECTION('',(0.,0.,1.));
#1758 = ORIENTED_EDGE('',*,*,#1759,.T.);
#1759 = EDGE_CURVE('',#1750,#1760,#1762,.T.);
#1760 = VERTEX_POINT('',#1761);
#1761 = CARTESIAN_POINT('',(-2.65,2.1,-6.938893903907E-18));
#1762 = CIRCLE('',#1763,5.E-02);
#1763 = AXIS2_PLACEMENT_3D('',#1764,#1765,#1766);
#1764 = CARTESIAN_POINT('',(-2.65,2.1,5.E-02));
#1765 = DIRECTION('',(-1.224646799147E-16,-1.,0.));
#1766 = DIRECTION('',(0.,0.,1.));
#1767 = ORIENTED_EDGE('',*,*,#1768,.F.);
#1768 = EDGE_CURVE('',#1769,#1760,#1771,.T.);
#1769 = VERTEX_POINT('',#1770);
#1770 = CARTESIAN_POINT('',(-1.8,2.1,0.));
#1771 = LINE('',#1772,#1773);
#1772 = CARTESIAN_POINT('',(-1.8,2.1,0.));
#1773 = VECTOR('',#1774,1.);
#1774 = DIRECTION('',(-1.,1.224646799147E-16,0.));
#1775 = ORIENTED_EDGE('',*,*,#1776,.T.);
#1776 = EDGE_CURVE('',#1769,#675,#1777,.T.);
#1777 = LINE('',#1778,#1779);
#1778 = CARTESIAN_POINT('',(-1.8,2.1,0.));
#1779 = VECTOR('',#1780,1.);
#1780 = DIRECTION('',(0.,0.,1.));
#1781 = ORIENTED_EDGE('',*,*,#674,.F.);
#1782 = ORIENTED_EDGE('',*,*,#666,.T.);
#1783 = ORIENTED_EDGE('',*,*,#1330,.T.);
#1784 = ORIENTED_EDGE('',*,*,#1785,.F.);
#1785 = EDGE_CURVE('',#1786,#1331,#1788,.T.);
#1786 = VERTEX_POINT('',#1787);
#1787 = CARTESIAN_POINT('',(-2.6,2.1,0.15));
#1788 = CIRCLE('',#1789,5.E-02);
#1789 = AXIS2_PLACEMENT_3D('',#1790,#1791,#1792);
#1790 = CARTESIAN_POINT('',(-2.55,2.1,0.15));
#1791 = DIRECTION('',(-1.224646799147E-16,-1.,0.));
#1792 = DIRECTION('',(4.996063166392E-32,-6.118412765058E-48,-1.));
#1793 = ORIENTED_EDGE('',*,*,#1794,.T.);
#1794 = EDGE_CURVE('',#1786,#1795,#1797,.T.);
#1795 = VERTEX_POINT('',#1796);
#1796 = CARTESIAN_POINT('',(-2.6,2.1,0.85));
#1797 = LINE('',#1798,#1799);
#1798 = CARTESIAN_POINT('',(-2.6,2.1,5.E-02));
#1799 = VECTOR('',#1800,1.);
#1800 = DIRECTION('',(0.,0.,1.));
#1801 = ORIENTED_EDGE('',*,*,#1802,.F.);
#1802 = EDGE_CURVE('',#1727,#1795,#1803,.T.);
#1803 = CIRCLE('',#1804,5.E-02);
#1804 = AXIS2_PLACEMENT_3D('',#1805,#1806,#1807);
#1805 = CARTESIAN_POINT('',(-2.55,2.1,0.85));
#1806 = DIRECTION('',(-1.224646799147E-16,-1.,0.));
#1807 = DIRECTION('',(-1.,1.224646799147E-16,0.));
#1808 = ORIENTED_EDGE('',*,*,#1726,.F.);
#1809 = ORIENTED_EDGE('',*,*,#596,.F.);
#1810 = ORIENTED_EDGE('',*,*,#1610,.T.);
#1811 = ORIENTED_EDGE('',*,*,#1812,.T.);
#1812 = EDGE_CURVE('',#1611,#1752,#1813,.T.);
#1813 = CIRCLE('',#1814,5.E-02);
#1814 = AXIS2_PLACEMENT_3D('',#1815,#1816,#1817);
#1815 = CARTESIAN_POINT('',(-2.65,2.1,0.95));
#1816 = DIRECTION('',(-1.224646799147E-16,-1.,0.));
#1817 = DIRECTION('',(0.,0.,1.));
#1818 = PLANE('',#1819);
#1819 = AXIS2_PLACEMENT_3D('',#1820,#1821,#1822);
#1820 = CARTESIAN_POINT('',(-1.8,2.1,0.));
#1821 = DIRECTION('',(-1.224646799147E-16,-1.,0.));
#1822 = DIRECTION('',(-1.,1.224646799147E-16,0.));
#1823 = ADVANCED_FACE('',(#1824),#1835,.F.);
#1824 = FACE_BOUND('',#1825,.F.);
#1825 = EDGE_LOOP('',(#1826,#1832,#1833,#1834));
#1826 = ORIENTED_EDGE('',*,*,#1827,.F.);
#1827 = EDGE_CURVE('',#1090,#944,#1828,.T.);
#1828 = LINE('',#1829,#1830);
#1829 = CARTESIAN_POINT('',(1.8,2.1,0.));
#1830 = VECTOR('',#1831,1.);
#1831 = DIRECTION('',(-1.224646799147E-16,-1.,0.));
#1832 = ORIENTED_EDGE('',*,*,#1089,.T.);
#1833 = ORIENTED_EDGE('',*,*,#801,.F.);
#1834 = ORIENTED_EDGE('',*,*,#951,.F.);
#1835 = PLANE('',#1836);
#1836 = AXIS2_PLACEMENT_3D('',#1837,#1838,#1839);
#1837 = CARTESIAN_POINT('',(1.8,2.1,0.));
#1838 = DIRECTION('',(1.,-1.224646799147E-16,0.));
#1839 = DIRECTION('',(-1.224646799147E-16,-1.,0.));
#1840 = ADVANCED_FACE('',(#1841),#1852,.F.);
#1841 = FACE_BOUND('',#1842,.F.);
#1842 = EDGE_LOOP('',(#1843,#1849,#1850,#1851));
#1843 = ORIENTED_EDGE('',*,*,#1844,.F.);
#1844 = EDGE_CURVE('',#1206,#1271,#1845,.T.);
#1845 = LINE('',#1846,#1847);
#1846 = CARTESIAN_POINT('',(1.8,-1.2,0.));
#1847 = VECTOR('',#1848,1.);
#1848 = DIRECTION('',(-1.224646799147E-16,-1.,0.));
#1849 = ORIENTED_EDGE('',*,*,#1205,.T.);
#1850 = ORIENTED_EDGE('',*,*,#762,.F.);
#1851 = ORIENTED_EDGE('',*,*,#1278,.F.);
#1852 = PLANE('',#1853);
#1853 = AXIS2_PLACEMENT_3D('',#1854,#1855,#1856);
#1854 = CARTESIAN_POINT('',(1.8,-1.2,0.));
#1855 = DIRECTION('',(1.,-1.224646799147E-16,0.));
#1856 = DIRECTION('',(-1.224646799147E-16,-1.,0.));
#1857 = ADVANCED_FACE('',(#1858),#1869,.F.);
#1858 = FACE_BOUND('',#1859,.F.);
#1859 = EDGE_LOOP('',(#1860,#1866,#1867,#1868));
#1860 = ORIENTED_EDGE('',*,*,#1861,.F.);
#1861 = EDGE_CURVE('',#1486,#1551,#1862,.T.);
#1862 = LINE('',#1863,#1864);
#1863 = CARTESIAN_POINT('',(-1.8,-2.1,0.));
#1864 = VECTOR('',#1865,1.);
#1865 = DIRECTION('',(1.224646799147E-16,1.,0.));
#1866 = ORIENTED_EDGE('',*,*,#1485,.T.);
#1867 = ORIENTED_EDGE('',*,*,#721,.F.);
#1868 = ORIENTED_EDGE('',*,*,#1558,.F.);
#1869 = PLANE('',#1870);
#1870 = AXIS2_PLACEMENT_3D('',#1871,#1872,#1873);
#1871 = CARTESIAN_POINT('',(-1.8,-2.1,0.));
#1872 = DIRECTION('',(-1.,1.224646799147E-16,0.));
#1873 = DIRECTION('',(1.224646799147E-16,1.,0.));
#1874 = ADVANCED_FACE('',(#1875),#1886,.F.);
#1875 = FACE_BOUND('',#1876,.F.);
#1876 = EDGE_LOOP('',(#1877,#1883,#1884,#1885));
#1877 = ORIENTED_EDGE('',*,*,#1878,.F.);
#1878 = EDGE_CURVE('',#1704,#1769,#1879,.T.);
#1879 = LINE('',#1880,#1881);
#1880 = CARTESIAN_POINT('',(-1.8,1.2,0.));
#1881 = VECTOR('',#1882,1.);
#1882 = DIRECTION('',(1.224646799147E-16,1.,0.));
#1883 = ORIENTED_EDGE('',*,*,#1703,.T.);
#1884 = ORIENTED_EDGE('',*,*,#682,.F.);
#1885 = ORIENTED_EDGE('',*,*,#1776,.F.);
#1886 = PLANE('',#1887);
#1887 = AXIS2_PLACEMENT_3D('',#1888,#1889,#1890);
#1888 = CARTESIAN_POINT('',(-1.8,1.2,0.));
#1889 = DIRECTION('',(-1.,1.224646799147E-16,0.));
#1890 = DIRECTION('',(1.224646799147E-16,1.,0.));
#1891 = ADVANCED_FACE('',(#1892),#1903,.F.);
#1892 = FACE_BOUND('',#1893,.F.);
#1893 = EDGE_LOOP('',(#1894,#1895,#1896,#1897));
#1894 = ORIENTED_EDGE('',*,*,#960,.T.);
#1895 = ORIENTED_EDGE('',*,*,#831,.T.);
#1896 = ORIENTED_EDGE('',*,*,#1079,.F.);
#1897 = ORIENTED_EDGE('',*,*,#1898,.F.);
#1898 = EDGE_CURVE('',#961,#1072,#1899,.T.);
#1899 = LINE('',#1900,#1901);
#1900 = CARTESIAN_POINT('',(2.6,1.1,0.15));
#1901 = VECTOR('',#1902,1.);
#1902 = DIRECTION('',(1.224646799147E-16,1.,0.));
#1903 = CYLINDRICAL_SURFACE('',#1904,5.E-02);
#1904 = AXIS2_PLACEMENT_3D('',#1905,#1906,#1907);
#1905 = CARTESIAN_POINT('',(2.55,1.1,0.15));
#1906 = DIRECTION('',(1.224646799147E-16,1.,0.));
#1907 = DIRECTION('',(1.,-1.224646799147E-16,0.));
#1908 = ADVANCED_FACE('',(#1909),#1920,.F.);
#1909 = FACE_BOUND('',#1910,.F.);
#1910 = EDGE_LOOP('',(#1911,#1912,#1913,#1914));
#1911 = ORIENTED_EDGE('',*,*,#1287,.T.);
#1912 = ORIENTED_EDGE('',*,*,#862,.T.);
#1913 = ORIENTED_EDGE('',*,*,#1195,.F.);
#1914 = ORIENTED_EDGE('',*,*,#1915,.F.);
#1915 = EDGE_CURVE('',#1288,#1188,#1916,.T.);
#1916 = LINE('',#1917,#1918);
#1917 = CARTESIAN_POINT('',(2.6,-2.2,0.15));
#1918 = VECTOR('',#1919,1.);
#1919 = DIRECTION('',(1.224646799147E-16,1.,0.));
#1920 = CYLINDRICAL_SURFACE('',#1921,5.E-02);
#1921 = AXIS2_PLACEMENT_3D('',#1922,#1923,#1924);
#1922 = CARTESIAN_POINT('',(2.55,-2.2,0.15));
#1923 = DIRECTION('',(1.224646799147E-16,1.,0.));
#1924 = DIRECTION('',(1.,-1.224646799147E-16,0.));
#1925 = ADVANCED_FACE('',(#1926),#1937,.F.);
#1926 = FACE_BOUND('',#1927,.F.);
#1927 = EDGE_LOOP('',(#1928,#1934,#1935,#1936));
#1928 = ORIENTED_EDGE('',*,*,#1929,.T.);
#1929 = EDGE_CURVE('',#970,#1063,#1930,.T.);
#1930 = LINE('',#1931,#1932);
#1931 = CARTESIAN_POINT('',(2.6,1.1,0.85));
#1932 = VECTOR('',#1933,1.);
#1933 = DIRECTION('',(1.224646799147E-16,1.,0.));
#1934 = ORIENTED_EDGE('',*,*,#1062,.F.);
#1935 = ORIENTED_EDGE('',*,*,#893,.F.);
#1936 = ORIENTED_EDGE('',*,*,#977,.T.);
#1937 = CYLINDRICAL_SURFACE('',#1938,5.E-02);
#1938 = AXIS2_PLACEMENT_3D('',#1939,#1940,#1941);
#1939 = CARTESIAN_POINT('',(2.55,1.1,0.85));
#1940 = DIRECTION('',(1.224646799147E-16,1.,0.));
#1941 = DIRECTION('',(1.,-1.224646799147E-16,0.));
#1942 = ADVANCED_FACE('',(#1943),#1959,.F.);
#1943 = FACE_BOUND('',#1944,.F.);
#1944 = EDGE_LOOP('',(#1945,#1946,#1952,#1953));
#1945 = ORIENTED_EDGE('',*,*,#924,.T.);
#1946 = ORIENTED_EDGE('',*,*,#1947,.T.);
#1947 = EDGE_CURVE('',#927,#1045,#1948,.T.);
#1948 = LINE('',#1949,#1950);
#1949 = CARTESIAN_POINT('',(2.7,1.2,0.95));
#1950 = VECTOR('',#1951,1.);
#1951 = DIRECTION('',(1.224646799147E-16,1.,0.));
#1952 = ORIENTED_EDGE('',*,*,#1044,.F.);
#1953 = ORIENTED_EDGE('',*,*,#1954,.F.);
#1954 = EDGE_CURVE('',#925,#1034,#1955,.T.);
#1955 = LINE('',#1956,#1957);
#1956 = CARTESIAN_POINT('',(2.7,1.2,5.E-02));
#1957 = VECTOR('',#1958,1.);
#1958 = DIRECTION('',(1.224646799147E-16,1.,0.));
#1959 = PLANE('',#1960);
#1960 = AXIS2_PLACEMENT_3D('',#1961,#1962,#1963);
#1961 = CARTESIAN_POINT('',(2.7,1.2,0.));
#1962 = DIRECTION('',(-1.,1.224646799147E-16,0.));
#1963 = DIRECTION('',(1.224646799147E-16,1.,0.));
#1964 = ADVANCED_FACE('',(#1965),#1971,.T.);
#1965 = FACE_BOUND('',#1966,.T.);
#1966 = EDGE_LOOP('',(#1967,#1968,#1969,#1970));
#1967 = ORIENTED_EDGE('',*,*,#1947,.T.);
#1968 = ORIENTED_EDGE('',*,*,#1052,.T.);
#1969 = ORIENTED_EDGE('',*,*,#1009,.F.);
#1970 = ORIENTED_EDGE('',*,*,#994,.F.);
#1971 = CYLINDRICAL_SURFACE('',#1972,5.E-02);
#1972 = AXIS2_PLACEMENT_3D('',#1973,#1974,#1975);
#1973 = CARTESIAN_POINT('',(2.65,1.2,0.95));
#1974 = DIRECTION('',(1.224646799147E-16,1.,0.));
#1975 = DIRECTION('',(1.,-1.224646799147E-16,0.));
#1976 = ADVANCED_FACE('',(#1977),#1983,.T.);
#1977 = FACE_BOUND('',#1978,.T.);
#1978 = EDGE_LOOP('',(#1979,#1980,#1981,#1982));
#1979 = ORIENTED_EDGE('',*,*,#1898,.F.);
#1980 = ORIENTED_EDGE('',*,*,#969,.T.);
#1981 = ORIENTED_EDGE('',*,*,#1929,.T.);
#1982 = ORIENTED_EDGE('',*,*,#1071,.T.);
#1983 = PLANE('',#1984);
#1984 = AXIS2_PLACEMENT_3D('',#1985,#1986,#1987);
#1985 = CARTESIAN_POINT('',(2.6,1.1,0.1));
#1986 = DIRECTION('',(-1.,1.224646799147E-16,0.));
#1987 = DIRECTION('',(1.224646799147E-16,1.,0.));
#1988 = ADVANCED_FACE('',(#1989),#2000,.F.);
#1989 = FACE_BOUND('',#1990,.F.);
#1990 = EDGE_LOOP('',(#1991,#1992,#1993,#1994));
#1991 = ORIENTED_EDGE('',*,*,#1097,.T.);
#1992 = ORIENTED_EDGE('',*,*,#1827,.T.);
#1993 = ORIENTED_EDGE('',*,*,#943,.T.);
#1994 = ORIENTED_EDGE('',*,*,#1995,.T.);
#1995 = EDGE_CURVE('',#935,#1036,#1996,.T.);
#1996 = LINE('',#1997,#1998);
#1997 = CARTESIAN_POINT('',(2.65,1.2,-6.938893903907E-18));
#1998 = VECTOR('',#1999,1.);
#1999 = DIRECTION('',(1.224646799147E-16,1.,0.));
#2000 = PLANE('',#2001);
#2001 = AXIS2_PLACEMENT_3D('',#2002,#2003,#2004);
#2002 = CARTESIAN_POINT('',(2.25,1.65,0.));
#2003 = DIRECTION('',(0.,0.,1.));
#2004 = DIRECTION('',(-1.,1.224646799147E-16,0.));
#2005 = ADVANCED_FACE('',(#2006),#2012,.T.);
#2006 = FACE_BOUND('',#2007,.T.);
#2007 = EDGE_LOOP('',(#2008,#2009,#2010,#2011));
#2008 = ORIENTED_EDGE('',*,*,#934,.T.);
#2009 = ORIENTED_EDGE('',*,*,#1995,.T.);
#2010 = ORIENTED_EDGE('',*,*,#1033,.F.);
#2011 = ORIENTED_EDGE('',*,*,#1954,.F.);
#2012 = CYLINDRICAL_SURFACE('',#2013,5.E-02);
#2013 = AXIS2_PLACEMENT_3D('',#2014,#2015,#2016);
#2014 = CARTESIAN_POINT('',(2.65,1.2,5.E-02));
#2015 = DIRECTION('',(1.224646799147E-16,1.,0.));
#2016 = DIRECTION('',(1.,-1.224646799147E-16,0.));
#2017 = ADVANCED_FACE('',(#2018),#2029,.T.);
#2018 = FACE_BOUND('',#2019,.T.);
#2019 = EDGE_LOOP('',(#2020,#2026,#2027,#2028));
#2020 = ORIENTED_EDGE('',*,*,#2021,.T.);
#2021 = EDGE_CURVE('',#1254,#1154,#2022,.T.);
#2022 = LINE('',#2023,#2024);
#2023 = CARTESIAN_POINT('',(2.7,-2.1,0.95));
#2024 = VECTOR('',#2025,1.);
#2025 = DIRECTION('',(1.224646799147E-16,1.,0.));
#2026 = ORIENTED_EDGE('',*,*,#1161,.T.);
#2027 = ORIENTED_EDGE('',*,*,#1111,.F.);
#2028 = ORIENTED_EDGE('',*,*,#1314,.F.);
#2029 = CYLINDRICAL_SURFACE('',#2030,5.E-02);
#2030 = AXIS2_PLACEMENT_3D('',#2031,#2032,#2033);
#2031 = CARTESIAN_POINT('',(2.65,-2.1,0.95));
#2032 = DIRECTION('',(1.224646799147E-16,1.,0.));
#2033 = DIRECTION('',(1.,-1.224646799147E-16,0.));
#2034 = ADVANCED_FACE('',(#2035),#2051,.T.);
#2035 = FACE_BOUND('',#2036,.T.);
#2036 = EDGE_LOOP('',(#2037,#2038,#2044,#2045));
#2037 = ORIENTED_EDGE('',*,*,#1261,.T.);
#2038 = ORIENTED_EDGE('',*,*,#2039,.T.);
#2039 = EDGE_CURVE('',#1262,#1145,#2040,.T.);
#2040 = LINE('',#2041,#2042);
#2041 = CARTESIAN_POINT('',(2.65,-2.1,-6.938893903907E-18));
#2042 = VECTOR('',#2043,1.);
#2043 = DIRECTION('',(1.224646799147E-16,1.,0.));
#2044 = ORIENTED_EDGE('',*,*,#1142,.F.);
#2045 = ORIENTED_EDGE('',*,*,#2046,.F.);
#2046 = EDGE_CURVE('',#1252,#1143,#2047,.T.);
#2047 = LINE('',#2048,#2049);
#2048 = CARTESIAN_POINT('',(2.7,-2.1,5.E-02));
#2049 = VECTOR('',#2050,1.);
#2050 = DIRECTION('',(1.224646799147E-16,1.,0.));
#2051 = CYLINDRICAL_SURFACE('',#2052,5.E-02);
#2052 = AXIS2_PLACEMENT_3D('',#2053,#2054,#2055);
#2053 = CARTESIAN_POINT('',(2.65,-2.1,5.E-02));
#2054 = DIRECTION('',(1.224646799147E-16,1.,0.));
#2055 = DIRECTION('',(1.,-1.224646799147E-16,0.));
#2056 = ADVANCED_FACE('',(#2057),#2063,.F.);
#2057 = FACE_BOUND('',#2058,.F.);
#2058 = EDGE_LOOP('',(#2059,#2060,#2061,#2062));
#2059 = ORIENTED_EDGE('',*,*,#1213,.T.);
#2060 = ORIENTED_EDGE('',*,*,#1844,.T.);
#2061 = ORIENTED_EDGE('',*,*,#1270,.T.);
#2062 = ORIENTED_EDGE('',*,*,#2039,.T.);
#2063 = PLANE('',#2064);
#2064 = AXIS2_PLACEMENT_3D('',#2065,#2066,#2067);
#2065 = CARTESIAN_POINT('',(2.25,-1.65,0.));
#2066 = DIRECTION('',(0.,0.,1.));
#2067 = DIRECTION('',(-1.,1.224646799147E-16,0.));
#2068 = ADVANCED_FACE('',(#2069),#2080,.T.);
#2069 = FACE_BOUND('',#2070,.T.);
#2070 = EDGE_LOOP('',(#2071,#2072,#2073,#2079));
#2071 = ORIENTED_EDGE('',*,*,#1915,.F.);
#2072 = ORIENTED_EDGE('',*,*,#1296,.T.);
#2073 = ORIENTED_EDGE('',*,*,#2074,.T.);
#2074 = EDGE_CURVE('',#1297,#1179,#2075,.T.);
#2075 = LINE('',#2076,#2077);
#2076 = CARTESIAN_POINT('',(2.6,-2.2,0.85));
#2077 = VECTOR('',#2078,1.);
#2078 = DIRECTION('',(1.224646799147E-16,1.,0.));
#2079 = ORIENTED_EDGE('',*,*,#1187,.T.);
#2080 = PLANE('',#2081);
#2081 = AXIS2_PLACEMENT_3D('',#2082,#2083,#2084);
#2082 = CARTESIAN_POINT('',(2.6,-2.2,0.1));
#2083 = DIRECTION('',(-1.,1.224646799147E-16,0.));
#2084 = DIRECTION('',(1.224646799147E-16,1.,0.));
#2085 = ADVANCED_FACE('',(#2086),#2092,.F.);
#2086 = FACE_BOUND('',#2087,.F.);
#2087 = EDGE_LOOP('',(#2088,#2089,#2090,#2091));
#2088 = ORIENTED_EDGE('',*,*,#2074,.T.);
#2089 = ORIENTED_EDGE('',*,*,#1178,.F.);
#2090 = ORIENTED_EDGE('',*,*,#1227,.F.);
#2091 = ORIENTED_EDGE('',*,*,#1304,.T.);
#2092 = CYLINDRICAL_SURFACE('',#2093,5.E-02);
#2093 = AXIS2_PLACEMENT_3D('',#2094,#2095,#2096);
#2094 = CARTESIAN_POINT('',(2.55,-2.2,0.85));
#2095 = DIRECTION('',(1.224646799147E-16,1.,0.));
#2096 = DIRECTION('',(1.,-1.224646799147E-16,0.));
#2097 = ADVANCED_FACE('',(#2098),#2104,.F.);
#2098 = FACE_BOUND('',#2099,.F.);
#2099 = EDGE_LOOP('',(#2100,#2101,#2102,#2103));
#2100 = ORIENTED_EDGE('',*,*,#1251,.T.);
#2101 = ORIENTED_EDGE('',*,*,#2021,.T.);
#2102 = ORIENTED_EDGE('',*,*,#1153,.F.);
#2103 = ORIENTED_EDGE('',*,*,#2046,.F.);
#2104 = PLANE('',#2105);
#2105 = AXIS2_PLACEMENT_3D('',#2106,#2107,#2108);
#2106 = CARTESIAN_POINT('',(2.7,-2.1,0.));
#2107 = DIRECTION('',(-1.,1.224646799147E-16,0.));
#2108 = DIRECTION('',(1.224646799147E-16,1.,0.));
#2109 = ADVANCED_FACE('',(#2110),#2121,.F.);
#2110 = FACE_BOUND('',#2111,.F.);
#2111 = EDGE_LOOP('',(#2112,#2113,#2119,#2120));
#2112 = ORIENTED_EDGE('',*,*,#1693,.F.);
#2113 = ORIENTED_EDGE('',*,*,#2114,.F.);
#2114 = EDGE_CURVE('',#1786,#1686,#2115,.T.);
#2115 = LINE('',#2116,#2117);
#2116 = CARTESIAN_POINT('',(-2.6,2.2,0.15));
#2117 = VECTOR('',#2118,1.);
#2118 = DIRECTION('',(-1.224646799147E-16,-1.,0.));
#2119 = ORIENTED_EDGE('',*,*,#1785,.T.);
#2120 = ORIENTED_EDGE('',*,*,#1338,.T.);
#2121 = CYLINDRICAL_SURFACE('',#2122,5.E-02);
#2122 = AXIS2_PLACEMENT_3D('',#2123,#2124,#2125);
#2123 = CARTESIAN_POINT('',(-2.55,2.2,0.15));
#2124 = DIRECTION('',(-1.224646799147E-16,-1.,0.));
#2125 = DIRECTION('',(4.996063166392E-32,-6.118412765058E-48,-1.));
#2126 = ADVANCED_FACE('',(#2127),#2138,.F.);
#2127 = FACE_BOUND('',#2128,.F.);
#2128 = EDGE_LOOP('',(#2129,#2130,#2136,#2137));
#2129 = ORIENTED_EDGE('',*,*,#1475,.F.);
#2130 = ORIENTED_EDGE('',*,*,#2131,.F.);
#2131 = EDGE_CURVE('',#1568,#1468,#2132,.T.);
#2132 = LINE('',#2133,#2134);
#2133 = CARTESIAN_POINT('',(-2.6,-1.1,0.15));
#2134 = VECTOR('',#2135,1.);
#2135 = DIRECTION('',(-1.224646799147E-16,-1.,0.));
#2136 = ORIENTED_EDGE('',*,*,#1567,.T.);
#2137 = ORIENTED_EDGE('',*,*,#1369,.T.);
#2138 = CYLINDRICAL_SURFACE('',#2139,5.E-02);
#2139 = AXIS2_PLACEMENT_3D('',#2140,#2141,#2142);
#2140 = CARTESIAN_POINT('',(-2.55,-1.1,0.15));
#2141 = DIRECTION('',(-1.224646799147E-16,-1.,0.));
#2142 = DIRECTION('',(4.996063166392E-32,-6.118412765058E-48,-1.));
#2143 = ADVANCED_FACE('',(#2144),#2155,.T.);
#2144 = FACE_BOUND('',#2145,.T.);
#2145 = EDGE_LOOP('',(#2146,#2147,#2153,#2154));
#2146 = ORIENTED_EDGE('',*,*,#1594,.T.);
#2147 = ORIENTED_EDGE('',*,*,#2148,.T.);
#2148 = EDGE_CURVE('',#1534,#1434,#2149,.T.);
#2149 = LINE('',#2150,#2151);
#2150 = CARTESIAN_POINT('',(-2.7,-1.2,0.95));
#2151 = VECTOR('',#2152,1.);
#2152 = DIRECTION('',(-1.224646799147E-16,-1.,0.));
#2153 = ORIENTED_EDGE('',*,*,#1441,.F.);
#2154 = ORIENTED_EDGE('',*,*,#1400,.F.);
#2155 = CYLINDRICAL_SURFACE('',#2156,5.E-02);
#2156 = AXIS2_PLACEMENT_3D('',#2157,#2158,#2159);
#2157 = CARTESIAN_POINT('',(-2.65,-1.2,0.95));
#2158 = DIRECTION('',(-1.224646799147E-16,-1.,0.));
#2159 = DIRECTION('',(0.,0.,1.));
#2160 = ADVANCED_FACE('',(#2161),#2177,.T.);
#2161 = FACE_BOUND('',#2162,.T.);
#2162 = EDGE_LOOP('',(#2163,#2164,#2170,#2171));
#2163 = ORIENTED_EDGE('',*,*,#1541,.T.);
#2164 = ORIENTED_EDGE('',*,*,#2165,.T.);
#2165 = EDGE_CURVE('',#1542,#1425,#2166,.T.);
#2166 = LINE('',#2167,#2168);
#2167 = CARTESIAN_POINT('',(-2.65,-1.2,-6.938893903907E-18));
#2168 = VECTOR('',#2169,1.);
#2169 = DIRECTION('',(-1.224646799147E-16,-1.,0.));
#2170 = ORIENTED_EDGE('',*,*,#1422,.F.);
#2171 = ORIENTED_EDGE('',*,*,#2172,.F.);
#2172 = EDGE_CURVE('',#1532,#1423,#2173,.T.);
#2173 = LINE('',#2174,#2175);
#2174 = CARTESIAN_POINT('',(-2.7,-1.2,5.E-02));
#2175 = VECTOR('',#2176,1.);
#2176 = DIRECTION('',(-1.224646799147E-16,-1.,0.));
#2177 = CYLINDRICAL_SURFACE('',#2178,5.E-02);
#2178 = AXIS2_PLACEMENT_3D('',#2179,#2180,#2181);
#2179 = CARTESIAN_POINT('',(-2.65,-1.2,5.E-02));
#2180 = DIRECTION('',(-1.224646799147E-16,-1.,0.));
#2181 = DIRECTION('',(-1.,1.224646799147E-16,0.));
#2182 = ADVANCED_FACE('',(#2183),#2189,.F.);
#2183 = FACE_BOUND('',#2184,.F.);
#2184 = EDGE_LOOP('',(#2185,#2186,#2187,#2188));
#2185 = ORIENTED_EDGE('',*,*,#1550,.T.);
#2186 = ORIENTED_EDGE('',*,*,#2165,.T.);
#2187 = ORIENTED_EDGE('',*,*,#1493,.T.);
#2188 = ORIENTED_EDGE('',*,*,#1861,.T.);
#2189 = PLANE('',#2190);
#2190 = AXIS2_PLACEMENT_3D('',#2191,#2192,#2193);
#2191 = CARTESIAN_POINT('',(-2.25,-1.65,0.));
#2192 = DIRECTION('',(0.,0.,1.));
#2193 = DIRECTION('',(-1.,1.224646799147E-16,0.));
#2194 = ADVANCED_FACE('',(#2195),#2206,.T.);
#2195 = FACE_BOUND('',#2196,.T.);
#2196 = EDGE_LOOP('',(#2197,#2198,#2199,#2205));
#2197 = ORIENTED_EDGE('',*,*,#2131,.F.);
#2198 = ORIENTED_EDGE('',*,*,#1576,.T.);
#2199 = ORIENTED_EDGE('',*,*,#2200,.T.);
#2200 = EDGE_CURVE('',#1577,#1459,#2201,.T.);
#2201 = LINE('',#2202,#2203);
#2202 = CARTESIAN_POINT('',(-2.6,-1.1,0.85));
#2203 = VECTOR('',#2204,1.);
#2204 = DIRECTION('',(-1.224646799147E-16,-1.,0.));
#2205 = ORIENTED_EDGE('',*,*,#1467,.T.);
#2206 = PLANE('',#2207);
#2207 = AXIS2_PLACEMENT_3D('',#2208,#2209,#2210);
#2208 = CARTESIAN_POINT('',(-2.6,-1.1,0.1));
#2209 = DIRECTION('',(1.,-1.224646799147E-16,0.));
#2210 = DIRECTION('',(-1.224646799147E-16,-1.,0.));
#2211 = ADVANCED_FACE('',(#2212),#2218,.F.);
#2212 = FACE_BOUND('',#2213,.F.);
#2213 = EDGE_LOOP('',(#2214,#2215,#2216,#2217));
#2214 = ORIENTED_EDGE('',*,*,#2200,.T.);
#2215 = ORIENTED_EDGE('',*,*,#1458,.F.);
#2216 = ORIENTED_EDGE('',*,*,#1516,.F.);
#2217 = ORIENTED_EDGE('',*,*,#1584,.T.);
#2218 = CYLINDRICAL_SURFACE('',#2219,5.E-02);
#2219 = AXIS2_PLACEMENT_3D('',#2220,#2221,#2222);
#2220 = CARTESIAN_POINT('',(-2.55,-1.1,0.85));
#2221 = DIRECTION('',(-1.224646799147E-16,-1.,0.));
#2222 = DIRECTION('',(-1.,1.224646799147E-16,0.));
#2223 = ADVANCED_FACE('',(#2224),#2230,.F.);
#2224 = FACE_BOUND('',#2225,.F.);
#2225 = EDGE_LOOP('',(#2226,#2227,#2228,#2229));
#2226 = ORIENTED_EDGE('',*,*,#1531,.T.);
#2227 = ORIENTED_EDGE('',*,*,#2148,.T.);
#2228 = ORIENTED_EDGE('',*,*,#1433,.F.);
#2229 = ORIENTED_EDGE('',*,*,#2172,.F.);
#2230 = PLANE('',#2231);
#2231 = AXIS2_PLACEMENT_3D('',#2232,#2233,#2234);
#2232 = CARTESIAN_POINT('',(-2.7,-1.2,0.));
#2233 = DIRECTION('',(1.,-1.224646799147E-16,0.));
#2234 = DIRECTION('',(-1.224646799147E-16,-1.,0.));
#2235 = ADVANCED_FACE('',(#2236),#2247,.T.);
#2236 = FACE_BOUND('',#2237,.T.);
#2237 = EDGE_LOOP('',(#2238,#2239,#2245,#2246));
#2238 = ORIENTED_EDGE('',*,*,#1812,.T.);
#2239 = ORIENTED_EDGE('',*,*,#2240,.T.);
#2240 = EDGE_CURVE('',#1752,#1652,#2241,.T.);
#2241 = LINE('',#2242,#2243);
#2242 = CARTESIAN_POINT('',(-2.7,2.1,0.95));
#2243 = VECTOR('',#2244,1.);
#2244 = DIRECTION('',(-1.224646799147E-16,-1.,0.));
#2245 = ORIENTED_EDGE('',*,*,#1659,.F.);
#2246 = ORIENTED_EDGE('',*,*,#1618,.F.);
#2247 = CYLINDRICAL_SURFACE('',#2248,5.E-02);
#2248 = AXIS2_PLACEMENT_3D('',#2249,#2250,#2251);
#2249 = CARTESIAN_POINT('',(-2.65,2.1,0.95));
#2250 = DIRECTION('',(-1.224646799147E-16,-1.,0.));
#2251 = DIRECTION('',(0.,0.,1.));
#2252 = ADVANCED_FACE('',(#2253),#2269,.T.);
#2253 = FACE_BOUND('',#2254,.T.);
#2254 = EDGE_LOOP('',(#2255,#2256,#2262,#2263));
#2255 = ORIENTED_EDGE('',*,*,#1759,.T.);
#2256 = ORIENTED_EDGE('',*,*,#2257,.T.);
#2257 = EDGE_CURVE('',#1760,#1643,#2258,.T.);
#2258 = LINE('',#2259,#2260);
#2259 = CARTESIAN_POINT('',(-2.65,2.1,-6.938893903907E-18));
#2260 = VECTOR('',#2261,1.);
#2261 = DIRECTION('',(-1.224646799147E-16,-1.,0.));
#2262 = ORIENTED_EDGE('',*,*,#1640,.F.);
#2263 = ORIENTED_EDGE('',*,*,#2264,.F.);
#2264 = EDGE_CURVE('',#1750,#1641,#2265,.T.);
#2265 = LINE('',#2266,#2267);
#2266 = CARTESIAN_POINT('',(-2.7,2.1,5.E-02));
#2267 = VECTOR('',#2268,1.);
#2268 = DIRECTION('',(-1.224646799147E-16,-1.,0.));
#2269 = CYLINDRICAL_SURFACE('',#2270,5.E-02);
#2270 = AXIS2_PLACEMENT_3D('',#2271,#2272,#2273);
#2271 = CARTESIAN_POINT('',(-2.65,2.1,5.E-02));
#2272 = DIRECTION('',(-1.224646799147E-16,-1.,0.));
#2273 = DIRECTION('',(-1.,1.224646799147E-16,0.));
#2274 = ADVANCED_FACE('',(#2275),#2281,.F.);
#2275 = FACE_BOUND('',#2276,.F.);
#2276 = EDGE_LOOP('',(#2277,#2278,#2279,#2280));
#2277 = ORIENTED_EDGE('',*,*,#1768,.T.);
#2278 = ORIENTED_EDGE('',*,*,#2257,.T.);
#2279 = ORIENTED_EDGE('',*,*,#1711,.T.);
#2280 = ORIENTED_EDGE('',*,*,#1878,.T.);
#2281 = PLANE('',#2282);
#2282 = AXIS2_PLACEMENT_3D('',#2283,#2284,#2285);
#2283 = CARTESIAN_POINT('',(-2.25,1.65,0.));
#2284 = DIRECTION('',(0.,0.,1.));
#2285 = DIRECTION('',(-1.,1.224646799147E-16,0.));
#2286 = ADVANCED_FACE('',(#2287),#2298,.T.);
#2287 = FACE_BOUND('',#2288,.T.);
#2288 = EDGE_LOOP('',(#2289,#2290,#2291,#2297));
#2289 = ORIENTED_EDGE('',*,*,#2114,.F.);
#2290 = ORIENTED_EDGE('',*,*,#1794,.T.);
#2291 = ORIENTED_EDGE('',*,*,#2292,.T.);
#2292 = EDGE_CURVE('',#1795,#1677,#2293,.T.);
#2293 = LINE('',#2294,#2295);
#2294 = CARTESIAN_POINT('',(-2.6,2.2,0.85));
#2295 = VECTOR('',#2296,1.);
#2296 = DIRECTION('',(-1.224646799147E-16,-1.,0.));
#2297 = ORIENTED_EDGE('',*,*,#1685,.T.);
#2298 = PLANE('',#2299);
#2299 = AXIS2_PLACEMENT_3D('',#2300,#2301,#2302);
#2300 = CARTESIAN_POINT('',(-2.6,2.2,0.1));
#2301 = DIRECTION('',(1.,-1.224646799147E-16,0.));
#2302 = DIRECTION('',(-1.224646799147E-16,-1.,0.));
#2303 = ADVANCED_FACE('',(#2304),#2310,.F.);
#2304 = FACE_BOUND('',#2305,.F.);
#2305 = EDGE_LOOP('',(#2306,#2307,#2308,#2309));
#2306 = ORIENTED_EDGE('',*,*,#2292,.T.);
#2307 = ORIENTED_EDGE('',*,*,#1676,.F.);
#2308 = ORIENTED_EDGE('',*,*,#1734,.F.);
#2309 = ORIENTED_EDGE('',*,*,#1802,.T.);
#2310 = CYLINDRICAL_SURFACE('',#2311,5.E-02);
#2311 = AXIS2_PLACEMENT_3D('',#2312,#2313,#2314);
#2312 = CARTESIAN_POINT('',(-2.55,2.2,0.85));
#2313 = DIRECTION('',(-1.224646799147E-16,-1.,0.));
#2314 = DIRECTION('',(-1.,1.224646799147E-16,0.));
#2315 = ADVANCED_FACE('',(#2316),#2322,.F.);
#2316 = FACE_BOUND('',#2317,.F.);
#2317 = EDGE_LOOP('',(#2318,#2319,#2320,#2321));
#2318 = ORIENTED_EDGE('',*,*,#1749,.T.);
#2319 = ORIENTED_EDGE('',*,*,#2240,.T.);
#2320 = ORIENTED_EDGE('',*,*,#1651,.F.);
#2321 = ORIENTED_EDGE('',*,*,#2264,.F.);
#2322 = PLANE('',#2323);
#2323 = AXIS2_PLACEMENT_3D('',#2324,#2325,#2326);
#2324 = CARTESIAN_POINT('',(-2.7,2.1,0.));
#2325 = DIRECTION('',(1.,-1.224646799147E-16,0.));
#2326 = DIRECTION('',(-1.224646799147E-16,-1.,0.));
#2327 = ( GEOMETRIC_REPRESENTATION_CONTEXT(3) 
GLOBAL_UNCERTAINTY_ASSIGNED_CONTEXT((#2331)) 
GLOBAL_UNIT_ASSIGNED_CONTEXT((#2328,#2329,#2330)) REPRESENTATION_CONTEXT
('Context #1','3D Context with UNIT and UNCERTAINTY') );
#2328 = ( LENGTH_UNIT() NAMED_UNIT(*) SI_UNIT(.MILLI.,.METRE.) );
#2329 = ( NAMED_UNIT(*) PLANE_ANGLE_UNIT() SI_UNIT($,.RADIAN.) );
#2330 = ( NAMED_UNIT(*) SI_UNIT($,.STERADIAN.) SOLID_ANGLE_UNIT() );
#2331 = UNCERTAINTY_MEASURE_WITH_UNIT(LENGTH_MEASURE(1.E-07),#2328,
  'distance_accuracy_value','confusion accuracy');
#2332 = CONTEXT_DEPENDENT_SHAPE_REPRESENTATION(#2333,#2335);
#2333 = ( REPRESENTATION_RELATIONSHIP('','',#59,#36) 
REPRESENTATION_RELATIONSHIP_WITH_TRANSFORMATION(#2334) 
SHAPE_REPRESENTATION_RELATIONSHIP() );
#2334 = ITEM_DEFINED_TRANSFORMATION('','',#11,#37);
#2335 = PRODUCT_DEFINITION_SHAPE('Placement','Placement of an item',
  #2336);
#2336 = NEXT_ASSEMBLY_USAGE_OCCURRENCE('1','=>[0:1:1:3]','',#31,#54,$);
#2337 = PRODUCT_RELATED_PRODUCT_CATEGORY('part',$,(#56));
#2338 = SHAPE_DEFINITION_REPRESENTATION(#2339,#2345);
#2339 = PRODUCT_DEFINITION_SHAPE('','',#2340);
#2340 = PRODUCT_DEFINITION('design','',#2341,#2344);
#2341 = PRODUCT_DEFINITION_FORMATION('','',#2342);
#2342 = PRODUCT('tap pad_PCB','tap pad_PCB','',(#2343));
#2343 = PRODUCT_CONTEXT('',#2,'mechanical');
#2344 = PRODUCT_DEFINITION_CONTEXT('part definition',#2,'design');
#2345 = ADVANCED_BREP_SHAPE_REPRESENTATION('',(#11,#2346),#4726);
#2346 = MANIFOLD_SOLID_BREP('',#2347);
#2347 = CLOSED_SHELL('',(#2348,#2388,#2419,#2450,#3089,#3728,#3740,#3757
    ,#3774,#3791,#3808,#3825,#3842,#3859,#3876,#3893,#3910,#3927,#3944,
    #3961,#3978,#3995,#4012,#4029,#4046,#4063,#4080,#4097,#4114,#4131,
    #4148,#4165,#4182,#4199,#4216,#4233,#4250,#4267,#4284,#4301,#4318,
    #4340,#4357,#4374,#4386,#4403,#4420,#4437,#4454,#4471,#4488,#4505,
    #4522,#4539,#4561,#4578,#4595,#4607,#4624,#4641,#4658,#4675,#4692,
    #4709));
#2348 = ADVANCED_FACE('',(#2349),#2383,.T.);
#2349 = FACE_BOUND('',#2350,.T.);
#2350 = EDGE_LOOP('',(#2351,#2361,#2369,#2377));
#2351 = ORIENTED_EDGE('',*,*,#2352,.T.);
#2352 = EDGE_CURVE('',#2353,#2355,#2357,.T.);
#2353 = VERTEX_POINT('',#2354);
#2354 = CARTESIAN_POINT('',(197.,-101.5,0.));
#2355 = VERTEX_POINT('',#2356);
#2356 = CARTESIAN_POINT('',(197.,-101.5,1.51));
#2357 = LINE('',#2358,#2359);
#2358 = CARTESIAN_POINT('',(197.,-101.5,0.));
#2359 = VECTOR('',#2360,1.);
#2360 = DIRECTION('',(0.,0.,1.));
#2361 = ORIENTED_EDGE('',*,*,#2362,.T.);
#2362 = EDGE_CURVE('',#2355,#2363,#2365,.T.);
#2363 = VERTEX_POINT('',#2364);
#2364 = CARTESIAN_POINT('',(98.5,-101.5,1.51));
#2365 = LINE('',#2366,#2367);
#2366 = CARTESIAN_POINT('',(197.,-101.5,1.51));
#2367 = VECTOR('',#2368,1.);
#2368 = DIRECTION('',(-1.,0.,0.));
#2369 = ORIENTED_EDGE('',*,*,#2370,.F.);
#2370 = EDGE_CURVE('',#2371,#2363,#2373,.T.);
#2371 = VERTEX_POINT('',#2372);
#2372 = CARTESIAN_POINT('',(98.5,-101.5,0.));
#2373 = LINE('',#2374,#2375);
#2374 = CARTESIAN_POINT('',(98.5,-101.5,0.));
#2375 = VECTOR('',#2376,1.);
#2376 = DIRECTION('',(0.,0.,1.));
#2377 = ORIENTED_EDGE('',*,*,#2378,.F.);
#2378 = EDGE_CURVE('',#2353,#2371,#2379,.T.);
#2379 = LINE('',#2380,#2381);
#2380 = CARTESIAN_POINT('',(197.,-101.5,0.));
#2381 = VECTOR('',#2382,1.);
#2382 = DIRECTION('',(-1.,0.,0.));
#2383 = PLANE('',#2384);
#2384 = AXIS2_PLACEMENT_3D('',#2385,#2386,#2387);
#2385 = CARTESIAN_POINT('',(197.,-101.5,0.));
#2386 = DIRECTION('',(0.,-1.,0.));
#2387 = DIRECTION('',(-1.,0.,0.));
#2388 = ADVANCED_FACE('',(#2389),#2414,.T.);
#2389 = FACE_BOUND('',#2390,.T.);
#2390 = EDGE_LOOP('',(#2391,#2401,#2407,#2408));
#2391 = ORIENTED_EDGE('',*,*,#2392,.T.);
#2392 = EDGE_CURVE('',#2393,#2395,#2397,.T.);
#2393 = VERTEX_POINT('',#2394);
#2394 = CARTESIAN_POINT('',(197.,-60.,0.));
#2395 = VERTEX_POINT('',#2396);
#2396 = CARTESIAN_POINT('',(197.,-60.,1.51));
#2397 = LINE('',#2398,#2399);
#2398 = CARTESIAN_POINT('',(197.,-60.,0.));
#2399 = VECTOR('',#2400,1.);
#2400 = DIRECTION('',(0.,0.,1.));
#2401 = ORIENTED_EDGE('',*,*,#2402,.T.);
#2402 = EDGE_CURVE('',#2395,#2355,#2403,.T.);
#2403 = LINE('',#2404,#2405);
#2404 = CARTESIAN_POINT('',(197.,-60.,1.51));
#2405 = VECTOR('',#2406,1.);
#2406 = DIRECTION('',(0.,-1.,0.));
#2407 = ORIENTED_EDGE('',*,*,#2352,.F.);
#2408 = ORIENTED_EDGE('',*,*,#2409,.F.);
#2409 = EDGE_CURVE('',#2393,#2353,#2410,.T.);
#2410 = LINE('',#2411,#2412);
#2411 = CARTESIAN_POINT('',(197.,-60.,0.));
#2412 = VECTOR('',#2413,1.);
#2413 = DIRECTION('',(0.,-1.,0.));
#2414 = PLANE('',#2415);
#2415 = AXIS2_PLACEMENT_3D('',#2416,#2417,#2418);
#2416 = CARTESIAN_POINT('',(197.,-60.,0.));
#2417 = DIRECTION('',(1.,0.,-0.));
#2418 = DIRECTION('',(0.,-1.,0.));
#2419 = ADVANCED_FACE('',(#2420),#2445,.T.);
#2420 = FACE_BOUND('',#2421,.T.);
#2421 = EDGE_LOOP('',(#2422,#2423,#2431,#2439));
#2422 = ORIENTED_EDGE('',*,*,#2370,.T.);
#2423 = ORIENTED_EDGE('',*,*,#2424,.T.);
#2424 = EDGE_CURVE('',#2363,#2425,#2427,.T.);
#2425 = VERTEX_POINT('',#2426);
#2426 = CARTESIAN_POINT('',(98.5,-60.,1.51));
#2427 = LINE('',#2428,#2429);
#2428 = CARTESIAN_POINT('',(98.5,-101.5,1.51));
#2429 = VECTOR('',#2430,1.);
#2430 = DIRECTION('',(0.,1.,0.));
#2431 = ORIENTED_EDGE('',*,*,#2432,.F.);
#2432 = EDGE_CURVE('',#2433,#2425,#2435,.T.);
#2433 = VERTEX_POINT('',#2434);
#2434 = CARTESIAN_POINT('',(98.5,-60.,0.));
#2435 = LINE('',#2436,#2437);
#2436 = CARTESIAN_POINT('',(98.5,-60.,0.));
#2437 = VECTOR('',#2438,1.);
#2438 = DIRECTION('',(0.,0.,1.));
#2439 = ORIENTED_EDGE('',*,*,#2440,.F.);
#2440 = EDGE_CURVE('',#2371,#2433,#2441,.T.);
#2441 = LINE('',#2442,#2443);
#2442 = CARTESIAN_POINT('',(98.5,-101.5,0.));
#2443 = VECTOR('',#2444,1.);
#2444 = DIRECTION('',(0.,1.,0.));
#2445 = PLANE('',#2446);
#2446 = AXIS2_PLACEMENT_3D('',#2447,#2448,#2449);
#2447 = CARTESIAN_POINT('',(98.5,-101.5,0.));
#2448 = DIRECTION('',(-1.,0.,0.));
#2449 = DIRECTION('',(0.,1.,0.));
#2450 = ADVANCED_FACE('',(#2451,#2462,#2473,#2484,#2495,#2506,#2517,
    #2528,#2539,#2550,#2561,#2572,#2583,#2594,#2605,#2616,#2627,#2638,
    #2649,#2660,#2671,#2682,#2693,#2704,#2715,#2726,#2737,#2748,#2759,
    #2770,#2781,#2792,#2803,#2814,#2825,#2836,#2872,#2883,#2894,#2905,
    #2916,#2927,#2938,#2949,#2960,#2971,#3007,#3018,#3029,#3040,#3051,
    #3062,#3073),#3084,.F.);
#2451 = FACE_BOUND('',#2452,.F.);
#2452 = EDGE_LOOP('',(#2453,#2454,#2455,#2461));
#2453 = ORIENTED_EDGE('',*,*,#2378,.F.);
#2454 = ORIENTED_EDGE('',*,*,#2409,.F.);
#2455 = ORIENTED_EDGE('',*,*,#2456,.F.);
#2456 = EDGE_CURVE('',#2433,#2393,#2457,.T.);
#2457 = LINE('',#2458,#2459);
#2458 = CARTESIAN_POINT('',(98.5,-60.,0.));
#2459 = VECTOR('',#2460,1.);
#2460 = DIRECTION('',(1.,0.,0.));
#2461 = ORIENTED_EDGE('',*,*,#2440,.F.);
#2462 = FACE_BOUND('',#2463,.F.);
#2463 = EDGE_LOOP('',(#2464));
#2464 = ORIENTED_EDGE('',*,*,#2465,.T.);
#2465 = EDGE_CURVE('',#2466,#2466,#2468,.T.);
#2466 = VERTEX_POINT('',#2467);
#2467 = CARTESIAN_POINT('',(104.5,-91.35,0.));
#2468 = CIRCLE('',#2469,0.85);
#2469 = AXIS2_PLACEMENT_3D('',#2470,#2471,#2472);
#2470 = CARTESIAN_POINT('',(104.5,-90.5,0.));
#2471 = DIRECTION('',(-0.,0.,-1.));
#2472 = DIRECTION('',(-0.,-1.,0.));
#2473 = FACE_BOUND('',#2474,.F.);
#2474 = EDGE_LOOP('',(#2475));
#2475 = ORIENTED_EDGE('',*,*,#2476,.T.);
#2476 = EDGE_CURVE('',#2477,#2477,#2479,.T.);
#2477 = VERTEX_POINT('',#2478);
#2478 = CARTESIAN_POINT('',(109.58,-92.5,0.));
#2479 = CIRCLE('',#2480,2.);
#2480 = AXIS2_PLACEMENT_3D('',#2481,#2482,#2483);
#2481 = CARTESIAN_POINT('',(109.58,-90.5,0.));
#2482 = DIRECTION('',(-0.,0.,-1.));
#2483 = DIRECTION('',(-0.,-1.,0.));
#2484 = FACE_BOUND('',#2485,.F.);
#2485 = EDGE_LOOP('',(#2486));
#2486 = ORIENTED_EDGE('',*,*,#2487,.T.);
#2487 = EDGE_CURVE('',#2488,#2488,#2490,.T.);
#2488 = VERTEX_POINT('',#2489);
#2489 = CARTESIAN_POINT('',(105.77,-88.71,0.));
#2490 = CIRCLE('',#2491,0.75);
#2491 = AXIS2_PLACEMENT_3D('',#2492,#2493,#2494);
#2492 = CARTESIAN_POINT('',(105.77,-87.96,0.));
#2493 = DIRECTION('',(-0.,0.,-1.));
#2494 = DIRECTION('',(-0.,-1.,0.));
#2495 = FACE_BOUND('',#2496,.F.);
#2496 = EDGE_LOOP('',(#2497));
#2497 = ORIENTED_EDGE('',*,*,#2498,.T.);
#2498 = EDGE_CURVE('',#2499,#2499,#2501,.T.);
#2499 = VERTEX_POINT('',#2500);
#2500 = CARTESIAN_POINT('',(114.66,-91.35,0.));
#2501 = CIRCLE('',#2502,0.85);
#2502 = AXIS2_PLACEMENT_3D('',#2503,#2504,#2505);
#2503 = CARTESIAN_POINT('',(114.66,-90.5,0.));
#2504 = DIRECTION('',(-0.,0.,-1.));
#2505 = DIRECTION('',(-0.,-1.,0.));
#2506 = FACE_BOUND('',#2507,.F.);
#2507 = EDGE_LOOP('',(#2508));
#2508 = ORIENTED_EDGE('',*,*,#2509,.T.);
#2509 = EDGE_CURVE('',#2510,#2510,#2512,.T.);
#2510 = VERTEX_POINT('',#2511);
#2511 = CARTESIAN_POINT('',(112.12,-86.17,0.));
#2512 = CIRCLE('',#2513,0.75);
#2513 = AXIS2_PLACEMENT_3D('',#2514,#2515,#2516);
#2514 = CARTESIAN_POINT('',(112.12,-85.42,0.));
#2515 = DIRECTION('',(-0.,0.,-1.));
#2516 = DIRECTION('',(-0.,-1.,0.));
#2517 = FACE_BOUND('',#2518,.F.);
#2518 = EDGE_LOOP('',(#2519));
#2519 = ORIENTED_EDGE('',*,*,#2520,.T.);
#2520 = EDGE_CURVE('',#2521,#2521,#2523,.T.);
#2521 = VERTEX_POINT('',#2522);
#2522 = CARTESIAN_POINT('',(123.5,-91.35,0.));
#2523 = CIRCLE('',#2524,0.85);
#2524 = AXIS2_PLACEMENT_3D('',#2525,#2526,#2527);
#2525 = CARTESIAN_POINT('',(123.5,-90.5,0.));
#2526 = DIRECTION('',(-0.,0.,-1.));
#2527 = DIRECTION('',(-0.,-1.,0.));
#2528 = FACE_BOUND('',#2529,.F.);
#2529 = EDGE_LOOP('',(#2530));
#2530 = ORIENTED_EDGE('',*,*,#2531,.T.);
#2531 = EDGE_CURVE('',#2532,#2532,#2534,.T.);
#2532 = VERTEX_POINT('',#2533);
#2533 = CARTESIAN_POINT('',(128.58,-92.5,0.));
#2534 = CIRCLE('',#2535,2.);
#2535 = AXIS2_PLACEMENT_3D('',#2536,#2537,#2538);
#2536 = CARTESIAN_POINT('',(128.58,-90.5,0.));
#2537 = DIRECTION('',(-0.,0.,-1.));
#2538 = DIRECTION('',(-0.,-1.,0.));
#2539 = FACE_BOUND('',#2540,.F.);
#2540 = EDGE_LOOP('',(#2541));
#2541 = ORIENTED_EDGE('',*,*,#2542,.T.);
#2542 = EDGE_CURVE('',#2543,#2543,#2545,.T.);
#2543 = VERTEX_POINT('',#2544);
#2544 = CARTESIAN_POINT('',(133.66,-91.35,0.));
#2545 = CIRCLE('',#2546,0.85);
#2546 = AXIS2_PLACEMENT_3D('',#2547,#2548,#2549);
#2547 = CARTESIAN_POINT('',(133.66,-90.5,0.));
#2548 = DIRECTION('',(-0.,0.,-1.));
#2549 = DIRECTION('',(-0.,-1.,0.));
#2550 = FACE_BOUND('',#2551,.F.);
#2551 = EDGE_LOOP('',(#2552));
#2552 = ORIENTED_EDGE('',*,*,#2553,.T.);
#2553 = EDGE_CURVE('',#2554,#2554,#2556,.T.);
#2554 = VERTEX_POINT('',#2555);
#2555 = CARTESIAN_POINT('',(124.77,-88.71,0.));
#2556 = CIRCLE('',#2557,0.75);
#2557 = AXIS2_PLACEMENT_3D('',#2558,#2559,#2560);
#2558 = CARTESIAN_POINT('',(124.77,-87.96,0.));
#2559 = DIRECTION('',(-0.,0.,-1.));
#2560 = DIRECTION('',(-0.,-1.,0.));
#2561 = FACE_BOUND('',#2562,.F.);
#2562 = EDGE_LOOP('',(#2563));
#2563 = ORIENTED_EDGE('',*,*,#2564,.T.);
#2564 = EDGE_CURVE('',#2565,#2565,#2567,.T.);
#2565 = VERTEX_POINT('',#2566);
#2566 = CARTESIAN_POINT('',(142.5,-91.35,0.));
#2567 = CIRCLE('',#2568,0.85);
#2568 = AXIS2_PLACEMENT_3D('',#2569,#2570,#2571);
#2569 = CARTESIAN_POINT('',(142.5,-90.5,0.));
#2570 = DIRECTION('',(-0.,0.,-1.));
#2571 = DIRECTION('',(-0.,-1.,0.));
#2572 = FACE_BOUND('',#2573,.F.);
#2573 = EDGE_LOOP('',(#2574));
#2574 = ORIENTED_EDGE('',*,*,#2575,.T.);
#2575 = EDGE_CURVE('',#2576,#2576,#2578,.T.);
#2576 = VERTEX_POINT('',#2577);
#2577 = CARTESIAN_POINT('',(147.58,-92.5,0.));
#2578 = CIRCLE('',#2579,2.);
#2579 = AXIS2_PLACEMENT_3D('',#2580,#2581,#2582);
#2580 = CARTESIAN_POINT('',(147.58,-90.5,0.));
#2581 = DIRECTION('',(-0.,0.,-1.));
#2582 = DIRECTION('',(-0.,-1.,0.));
#2583 = FACE_BOUND('',#2584,.F.);
#2584 = EDGE_LOOP('',(#2585));
#2585 = ORIENTED_EDGE('',*,*,#2586,.T.);
#2586 = EDGE_CURVE('',#2587,#2587,#2589,.T.);
#2587 = VERTEX_POINT('',#2588);
#2588 = CARTESIAN_POINT('',(143.77,-88.71,0.));
#2589 = CIRCLE('',#2590,0.75);
#2590 = AXIS2_PLACEMENT_3D('',#2591,#2592,#2593);
#2591 = CARTESIAN_POINT('',(143.77,-87.96,0.));
#2592 = DIRECTION('',(-0.,0.,-1.));
#2593 = DIRECTION('',(-0.,-1.,0.));
#2594 = FACE_BOUND('',#2595,.F.);
#2595 = EDGE_LOOP('',(#2596));
#2596 = ORIENTED_EDGE('',*,*,#2597,.T.);
#2597 = EDGE_CURVE('',#2598,#2598,#2600,.T.);
#2598 = VERTEX_POINT('',#2599);
#2599 = CARTESIAN_POINT('',(131.12,-86.17,0.));
#2600 = CIRCLE('',#2601,0.75);
#2601 = AXIS2_PLACEMENT_3D('',#2602,#2603,#2604);
#2602 = CARTESIAN_POINT('',(131.12,-85.42,0.));
#2603 = DIRECTION('',(-0.,0.,-1.));
#2604 = DIRECTION('',(-0.,-1.,0.));
#2605 = FACE_BOUND('',#2606,.F.);
#2606 = EDGE_LOOP('',(#2607));
#2607 = ORIENTED_EDGE('',*,*,#2608,.F.);
#2608 = EDGE_CURVE('',#2609,#2609,#2611,.T.);
#2609 = VERTEX_POINT('',#2610);
#2610 = CARTESIAN_POINT('',(196.5,-100.5,0.));
#2611 = CIRCLE('',#2612,0.5);
#2612 = AXIS2_PLACEMENT_3D('',#2613,#2614,#2615);
#2613 = CARTESIAN_POINT('',(196.,-100.5,0.));
#2614 = DIRECTION('',(0.,0.,1.));
#2615 = DIRECTION('',(1.,0.,-0.));
#2616 = FACE_BOUND('',#2617,.F.);
#2617 = EDGE_LOOP('',(#2618));
#2618 = ORIENTED_EDGE('',*,*,#2619,.T.);
#2619 = EDGE_CURVE('',#2620,#2620,#2622,.T.);
#2620 = VERTEX_POINT('',#2621);
#2621 = CARTESIAN_POINT('',(152.66,-91.35,0.));
#2622 = CIRCLE('',#2623,0.85);
#2623 = AXIS2_PLACEMENT_3D('',#2624,#2625,#2626);
#2624 = CARTESIAN_POINT('',(152.66,-90.5,0.));
#2625 = DIRECTION('',(-0.,0.,-1.));
#2626 = DIRECTION('',(-0.,-1.,0.));
#2627 = FACE_BOUND('',#2628,.F.);
#2628 = EDGE_LOOP('',(#2629));
#2629 = ORIENTED_EDGE('',*,*,#2630,.T.);
#2630 = EDGE_CURVE('',#2631,#2631,#2633,.T.);
#2631 = VERTEX_POINT('',#2632);
#2632 = CARTESIAN_POINT('',(161.5,-91.35,0.));
#2633 = CIRCLE('',#2634,0.85);
#2634 = AXIS2_PLACEMENT_3D('',#2635,#2636,#2637);
#2635 = CARTESIAN_POINT('',(161.5,-90.5,0.));
#2636 = DIRECTION('',(-0.,0.,-1.));
#2637 = DIRECTION('',(-0.,-1.,0.));
#2638 = FACE_BOUND('',#2639,.F.);
#2639 = EDGE_LOOP('',(#2640));
#2640 = ORIENTED_EDGE('',*,*,#2641,.T.);
#2641 = EDGE_CURVE('',#2642,#2642,#2644,.T.);
#2642 = VERTEX_POINT('',#2643);
#2643 = CARTESIAN_POINT('',(166.58,-92.5,0.));
#2644 = CIRCLE('',#2645,2.);
#2645 = AXIS2_PLACEMENT_3D('',#2646,#2647,#2648);
#2646 = CARTESIAN_POINT('',(166.58,-90.5,0.));
#2647 = DIRECTION('',(-0.,0.,-1.));
#2648 = DIRECTION('',(-0.,-1.,0.));
#2649 = FACE_BOUND('',#2650,.F.);
#2650 = EDGE_LOOP('',(#2651));
#2651 = ORIENTED_EDGE('',*,*,#2652,.T.);
#2652 = EDGE_CURVE('',#2653,#2653,#2655,.T.);
#2653 = VERTEX_POINT('',#2654);
#2654 = CARTESIAN_POINT('',(171.66,-91.35,0.));
#2655 = CIRCLE('',#2656,0.85);
#2656 = AXIS2_PLACEMENT_3D('',#2657,#2658,#2659);
#2657 = CARTESIAN_POINT('',(171.66,-90.5,0.));
#2658 = DIRECTION('',(-0.,0.,-1.));
#2659 = DIRECTION('',(-0.,-1.,0.));
#2660 = FACE_BOUND('',#2661,.F.);
#2661 = EDGE_LOOP('',(#2662));
#2662 = ORIENTED_EDGE('',*,*,#2663,.T.);
#2663 = EDGE_CURVE('',#2664,#2664,#2666,.T.);
#2664 = VERTEX_POINT('',#2665);
#2665 = CARTESIAN_POINT('',(162.77,-88.71,0.));
#2666 = CIRCLE('',#2667,0.75);
#2667 = AXIS2_PLACEMENT_3D('',#2668,#2669,#2670);
#2668 = CARTESIAN_POINT('',(162.77,-87.96,0.));
#2669 = DIRECTION('',(-0.,0.,-1.));
#2670 = DIRECTION('',(-0.,-1.,0.));
#2671 = FACE_BOUND('',#2672,.F.);
#2672 = EDGE_LOOP('',(#2673));
#2673 = ORIENTED_EDGE('',*,*,#2674,.T.);
#2674 = EDGE_CURVE('',#2675,#2675,#2677,.T.);
#2675 = VERTEX_POINT('',#2676);
#2676 = CARTESIAN_POINT('',(150.12,-86.17,0.));
#2677 = CIRCLE('',#2678,0.75);
#2678 = AXIS2_PLACEMENT_3D('',#2679,#2680,#2681);
#2679 = CARTESIAN_POINT('',(150.12,-85.42,0.));
#2680 = DIRECTION('',(-0.,0.,-1.));
#2681 = DIRECTION('',(-0.,-1.,0.));
#2682 = FACE_BOUND('',#2683,.F.);
#2683 = EDGE_LOOP('',(#2684));
#2684 = ORIENTED_EDGE('',*,*,#2685,.T.);
#2685 = EDGE_CURVE('',#2686,#2686,#2688,.T.);
#2686 = VERTEX_POINT('',#2687);
#2687 = CARTESIAN_POINT('',(169.12,-86.17,0.));
#2688 = CIRCLE('',#2689,0.75);
#2689 = AXIS2_PLACEMENT_3D('',#2690,#2691,#2692);
#2690 = CARTESIAN_POINT('',(169.12,-85.42,0.));
#2691 = DIRECTION('',(-0.,0.,-1.));
#2692 = DIRECTION('',(-0.,-1.,0.));
#2693 = FACE_BOUND('',#2694,.F.);
#2694 = EDGE_LOOP('',(#2695));
#2695 = ORIENTED_EDGE('',*,*,#2696,.T.);
#2696 = EDGE_CURVE('',#2697,#2697,#2699,.T.);
#2697 = VERTEX_POINT('',#2698);
#2698 = CARTESIAN_POINT('',(180.5,-91.35,0.));
#2699 = CIRCLE('',#2700,0.85);
#2700 = AXIS2_PLACEMENT_3D('',#2701,#2702,#2703);
#2701 = CARTESIAN_POINT('',(180.5,-90.5,0.));
#2702 = DIRECTION('',(-0.,0.,-1.));
#2703 = DIRECTION('',(-0.,-1.,0.));
#2704 = FACE_BOUND('',#2705,.F.);
#2705 = EDGE_LOOP('',(#2706));
#2706 = ORIENTED_EDGE('',*,*,#2707,.T.);
#2707 = EDGE_CURVE('',#2708,#2708,#2710,.T.);
#2708 = VERTEX_POINT('',#2709);
#2709 = CARTESIAN_POINT('',(181.77,-88.71,0.));
#2710 = CIRCLE('',#2711,0.75);
#2711 = AXIS2_PLACEMENT_3D('',#2712,#2713,#2714);
#2712 = CARTESIAN_POINT('',(181.77,-87.96,0.));
#2713 = DIRECTION('',(-0.,0.,-1.));
#2714 = DIRECTION('',(-0.,-1.,0.));
#2715 = FACE_BOUND('',#2716,.F.);
#2716 = EDGE_LOOP('',(#2717));
#2717 = ORIENTED_EDGE('',*,*,#2718,.T.);
#2718 = EDGE_CURVE('',#2719,#2719,#2721,.T.);
#2719 = VERTEX_POINT('',#2720);
#2720 = CARTESIAN_POINT('',(185.58,-92.5,0.));
#2721 = CIRCLE('',#2722,2.);
#2722 = AXIS2_PLACEMENT_3D('',#2723,#2724,#2725);
#2723 = CARTESIAN_POINT('',(185.58,-90.5,0.));
#2724 = DIRECTION('',(-0.,0.,-1.));
#2725 = DIRECTION('',(-0.,-1.,0.));
#2726 = FACE_BOUND('',#2727,.F.);
#2727 = EDGE_LOOP('',(#2728));
#2728 = ORIENTED_EDGE('',*,*,#2729,.T.);
#2729 = EDGE_CURVE('',#2730,#2730,#2732,.T.);
#2730 = VERTEX_POINT('',#2731);
#2731 = CARTESIAN_POINT('',(190.66,-91.35,0.));
#2732 = CIRCLE('',#2733,0.85);
#2733 = AXIS2_PLACEMENT_3D('',#2734,#2735,#2736);
#2734 = CARTESIAN_POINT('',(190.66,-90.5,0.));
#2735 = DIRECTION('',(-0.,0.,-1.));
#2736 = DIRECTION('',(-0.,-1.,0.));
#2737 = FACE_BOUND('',#2738,.F.);
#2738 = EDGE_LOOP('',(#2739));
#2739 = ORIENTED_EDGE('',*,*,#2740,.T.);
#2740 = EDGE_CURVE('',#2741,#2741,#2743,.T.);
#2741 = VERTEX_POINT('',#2742);
#2742 = CARTESIAN_POINT('',(188.12,-86.17,0.));
#2743 = CIRCLE('',#2744,0.75);
#2744 = AXIS2_PLACEMENT_3D('',#2745,#2746,#2747);
#2745 = CARTESIAN_POINT('',(188.12,-85.42,0.));
#2746 = DIRECTION('',(-0.,0.,-1.));
#2747 = DIRECTION('',(-0.,-1.,0.));
#2748 = FACE_BOUND('',#2749,.F.);
#2749 = EDGE_LOOP('',(#2750));
#2750 = ORIENTED_EDGE('',*,*,#2751,.T.);
#2751 = EDGE_CURVE('',#2752,#2752,#2754,.T.);
#2752 = VERTEX_POINT('',#2753);
#2753 = CARTESIAN_POINT('',(102.,-75.81,0.));
#2754 = CIRCLE('',#2755,0.5);
#2755 = AXIS2_PLACEMENT_3D('',#2756,#2757,#2758);
#2756 = CARTESIAN_POINT('',(102.,-75.31,0.));
#2757 = DIRECTION('',(-0.,0.,-1.));
#2758 = DIRECTION('',(-0.,-1.,0.));
#2759 = FACE_BOUND('',#2760,.F.);
#2760 = EDGE_LOOP('',(#2761));
#2761 = ORIENTED_EDGE('',*,*,#2762,.T.);
#2762 = EDGE_CURVE('',#2763,#2763,#2765,.T.);
#2763 = VERTEX_POINT('',#2764);
#2764 = CARTESIAN_POINT('',(102.,-73.27,0.));
#2765 = CIRCLE('',#2766,0.5);
#2766 = AXIS2_PLACEMENT_3D('',#2767,#2768,#2769);
#2767 = CARTESIAN_POINT('',(102.,-72.77,0.));
#2768 = DIRECTION('',(-0.,0.,-1.));
#2769 = DIRECTION('',(-0.,-1.,0.));
#2770 = FACE_BOUND('',#2771,.F.);
#2771 = EDGE_LOOP('',(#2772));
#2772 = ORIENTED_EDGE('',*,*,#2773,.T.);
#2773 = EDGE_CURVE('',#2774,#2774,#2776,.T.);
#2774 = VERTEX_POINT('',#2775);
#2775 = CARTESIAN_POINT('',(140.5,-74.5,0.));
#2776 = CIRCLE('',#2777,0.5);
#2777 = AXIS2_PLACEMENT_3D('',#2778,#2779,#2780);
#2778 = CARTESIAN_POINT('',(140.5,-74.,0.));
#2779 = DIRECTION('',(-0.,0.,-1.));
#2780 = DIRECTION('',(-0.,-1.,0.));
#2781 = FACE_BOUND('',#2782,.F.);
#2782 = EDGE_LOOP('',(#2783));
#2783 = ORIENTED_EDGE('',*,*,#2784,.T.);
#2784 = EDGE_CURVE('',#2785,#2785,#2787,.T.);
#2785 = VERTEX_POINT('',#2786);
#2786 = CARTESIAN_POINT('',(140.5,-72.,0.));
#2787 = CIRCLE('',#2788,0.5);
#2788 = AXIS2_PLACEMENT_3D('',#2789,#2790,#2791);
#2789 = CARTESIAN_POINT('',(140.5,-71.5,0.));
#2790 = DIRECTION('',(-0.,0.,-1.));
#2791 = DIRECTION('',(-0.,-1.,0.));
#2792 = FACE_BOUND('',#2793,.F.);
#2793 = EDGE_LOOP('',(#2794));
#2794 = ORIENTED_EDGE('',*,*,#2795,.T.);
#2795 = EDGE_CURVE('',#2796,#2796,#2798,.T.);
#2796 = VERTEX_POINT('',#2797);
#2797 = CARTESIAN_POINT('',(102.,-70.73,0.));
#2798 = CIRCLE('',#2799,0.5);
#2799 = AXIS2_PLACEMENT_3D('',#2800,#2801,#2802);
#2800 = CARTESIAN_POINT('',(102.,-70.23,0.));
#2801 = DIRECTION('',(-0.,0.,-1.));
#2802 = DIRECTION('',(-0.,-1.,0.));
#2803 = FACE_BOUND('',#2804,.F.);
#2804 = EDGE_LOOP('',(#2805));
#2805 = ORIENTED_EDGE('',*,*,#2806,.T.);
#2806 = EDGE_CURVE('',#2807,#2807,#2809,.T.);
#2807 = VERTEX_POINT('',#2808);
#2808 = CARTESIAN_POINT('',(102.,-68.19,0.));
#2809 = CIRCLE('',#2810,0.5);
#2810 = AXIS2_PLACEMENT_3D('',#2811,#2812,#2813);
#2811 = CARTESIAN_POINT('',(102.,-67.69,0.));
#2812 = DIRECTION('',(-0.,0.,-1.));
#2813 = DIRECTION('',(-0.,-1.,0.));
#2814 = FACE_BOUND('',#2815,.F.);
#2815 = EDGE_LOOP('',(#2816));
#2816 = ORIENTED_EDGE('',*,*,#2817,.F.);
#2817 = EDGE_CURVE('',#2818,#2818,#2820,.T.);
#2818 = VERTEX_POINT('',#2819);
#2819 = CARTESIAN_POINT('',(100.,-61.,0.));
#2820 = CIRCLE('',#2821,0.5);
#2821 = AXIS2_PLACEMENT_3D('',#2822,#2823,#2824);
#2822 = CARTESIAN_POINT('',(99.5,-61.,0.));
#2823 = DIRECTION('',(0.,0.,1.));
#2824 = DIRECTION('',(1.,0.,-0.));
#2825 = FACE_BOUND('',#2826,.F.);
#2826 = EDGE_LOOP('',(#2827));
#2827 = ORIENTED_EDGE('',*,*,#2828,.T.);
#2828 = EDGE_CURVE('',#2829,#2829,#2831,.T.);
#2829 = VERTEX_POINT('',#2830);
#2830 = CARTESIAN_POINT('',(140.5,-69.5,0.));
#2831 = CIRCLE('',#2832,0.5);
#2832 = AXIS2_PLACEMENT_3D('',#2833,#2834,#2835);
#2833 = CARTESIAN_POINT('',(140.5,-69.,0.));
#2834 = DIRECTION('',(-0.,0.,-1.));
#2835 = DIRECTION('',(-0.,-1.,0.));
#2836 = FACE_BOUND('',#2837,.F.);
#2837 = EDGE_LOOP('',(#2838,#2849,#2857,#2866));
#2838 = ORIENTED_EDGE('',*,*,#2839,.T.);
#2839 = EDGE_CURVE('',#2840,#2842,#2844,.T.);
#2840 = VERTEX_POINT('',#2841);
#2841 = CARTESIAN_POINT('',(148.65,-76.35,0.));
#2842 = VERTEX_POINT('',#2843);
#2843 = CARTESIAN_POINT('',(148.65,-77.85,0.));
#2844 = CIRCLE('',#2845,0.75);
#2845 = AXIS2_PLACEMENT_3D('',#2846,#2847,#2848);
#2846 = CARTESIAN_POINT('',(148.65,-77.1,0.));
#2847 = DIRECTION('',(-0.,0.,-1.));
#2848 = DIRECTION('',(-0.,-1.,0.));
#2849 = ORIENTED_EDGE('',*,*,#2850,.T.);
#2850 = EDGE_CURVE('',#2842,#2851,#2853,.T.);
#2851 = VERTEX_POINT('',#2852);
#2852 = CARTESIAN_POINT('',(147.35,-77.85,0.));
#2853 = LINE('',#2854,#2855);
#2854 = CARTESIAN_POINT('',(73.675,-77.85,0.));
#2855 = VECTOR('',#2856,1.);
#2856 = DIRECTION('',(-1.,0.,0.));
#2857 = ORIENTED_EDGE('',*,*,#2858,.T.);
#2858 = EDGE_CURVE('',#2851,#2859,#2861,.T.);
#2859 = VERTEX_POINT('',#2860);
#2860 = CARTESIAN_POINT('',(147.35,-76.35,0.));
#2861 = CIRCLE('',#2862,0.75);
#2862 = AXIS2_PLACEMENT_3D('',#2863,#2864,#2865);
#2863 = CARTESIAN_POINT('',(147.35,-77.1,0.));
#2864 = DIRECTION('',(-0.,0.,-1.));
#2865 = DIRECTION('',(0.,1.,0.));
#2866 = ORIENTED_EDGE('',*,*,#2867,.T.);
#2867 = EDGE_CURVE('',#2859,#2840,#2868,.T.);
#2868 = LINE('',#2869,#2870);
#2869 = CARTESIAN_POINT('',(74.325,-76.35,0.));
#2870 = VECTOR('',#2871,1.);
#2871 = DIRECTION('',(1.,0.,-0.));
#2872 = FACE_BOUND('',#2873,.F.);
#2873 = EDGE_LOOP('',(#2874));
#2874 = ORIENTED_EDGE('',*,*,#2875,.T.);
#2875 = EDGE_CURVE('',#2876,#2876,#2878,.T.);
#2876 = VERTEX_POINT('',#2877);
#2877 = CARTESIAN_POINT('',(155.,-74.5,0.));
#2878 = CIRCLE('',#2879,0.5);
#2879 = AXIS2_PLACEMENT_3D('',#2880,#2881,#2882);
#2880 = CARTESIAN_POINT('',(155.,-74.,0.));
#2881 = DIRECTION('',(-0.,0.,-1.));
#2882 = DIRECTION('',(-0.,-1.,0.));
#2883 = FACE_BOUND('',#2884,.F.);
#2884 = EDGE_LOOP('',(#2885));
#2885 = ORIENTED_EDGE('',*,*,#2886,.T.);
#2886 = EDGE_CURVE('',#2887,#2887,#2889,.T.);
#2887 = VERTEX_POINT('',#2888);
#2888 = CARTESIAN_POINT('',(176.8,-79.0645,0.));
#2889 = CIRCLE('',#2890,0.4445);
#2890 = AXIS2_PLACEMENT_3D('',#2891,#2892,#2893);
#2891 = CARTESIAN_POINT('',(176.8,-78.62,0.));
#2892 = DIRECTION('',(-0.,0.,-1.));
#2893 = DIRECTION('',(-0.,-1.,0.));
#2894 = FACE_BOUND('',#2895,.F.);
#2895 = EDGE_LOOP('',(#2896));
#2896 = ORIENTED_EDGE('',*,*,#2897,.T.);
#2897 = EDGE_CURVE('',#2898,#2898,#2900,.T.);
#2898 = VERTEX_POINT('',#2899);
#2899 = CARTESIAN_POINT('',(179.34,-79.0645,0.));
#2900 = CIRCLE('',#2901,0.4445);
#2901 = AXIS2_PLACEMENT_3D('',#2902,#2903,#2904);
#2902 = CARTESIAN_POINT('',(179.34,-78.62,0.));
#2903 = DIRECTION('',(-0.,0.,-1.));
#2904 = DIRECTION('',(-0.,-1.,0.));
#2905 = FACE_BOUND('',#2906,.F.);
#2906 = EDGE_LOOP('',(#2907));
#2907 = ORIENTED_EDGE('',*,*,#2908,.T.);
#2908 = EDGE_CURVE('',#2909,#2909,#2911,.T.);
#2909 = VERTEX_POINT('',#2910);
#2910 = CARTESIAN_POINT('',(181.88,-79.0645,0.));
#2911 = CIRCLE('',#2912,0.4445);
#2912 = AXIS2_PLACEMENT_3D('',#2913,#2914,#2915);
#2913 = CARTESIAN_POINT('',(181.88,-78.62,0.));
#2914 = DIRECTION('',(-0.,0.,-1.));
#2915 = DIRECTION('',(-0.,-1.,0.));
#2916 = FACE_BOUND('',#2917,.F.);
#2917 = EDGE_LOOP('',(#2918));
#2918 = ORIENTED_EDGE('',*,*,#2919,.T.);
#2919 = EDGE_CURVE('',#2920,#2920,#2922,.T.);
#2920 = VERTEX_POINT('',#2921);
#2921 = CARTESIAN_POINT('',(184.42,-79.0645,0.));
#2922 = CIRCLE('',#2923,0.4445);
#2923 = AXIS2_PLACEMENT_3D('',#2924,#2925,#2926);
#2924 = CARTESIAN_POINT('',(184.42,-78.62,0.));
#2925 = DIRECTION('',(-0.,0.,-1.));
#2926 = DIRECTION('',(-6.394085361171E-14,-1.,0.));
#2927 = FACE_BOUND('',#2928,.F.);
#2928 = EDGE_LOOP('',(#2929));
#2929 = ORIENTED_EDGE('',*,*,#2930,.T.);
#2930 = EDGE_CURVE('',#2931,#2931,#2933,.T.);
#2931 = VERTEX_POINT('',#2932);
#2932 = CARTESIAN_POINT('',(186.96,-79.0645,0.));
#2933 = CIRCLE('',#2934,0.4445);
#2934 = AXIS2_PLACEMENT_3D('',#2935,#2936,#2937);
#2935 = CARTESIAN_POINT('',(186.96,-78.62,0.));
#2936 = DIRECTION('',(-0.,0.,-1.));
#2937 = DIRECTION('',(-0.,-1.,0.));
#2938 = FACE_BOUND('',#2939,.F.);
#2939 = EDGE_LOOP('',(#2940));
#2940 = ORIENTED_EDGE('',*,*,#2941,.T.);
#2941 = EDGE_CURVE('',#2942,#2942,#2944,.T.);
#2942 = VERTEX_POINT('',#2943);
#2943 = CARTESIAN_POINT('',(189.5,-79.0645,0.));
#2944 = CIRCLE('',#2945,0.4445);
#2945 = AXIS2_PLACEMENT_3D('',#2946,#2947,#2948);
#2946 = CARTESIAN_POINT('',(189.5,-78.62,0.));
#2947 = DIRECTION('',(-0.,0.,-1.));
#2948 = DIRECTION('',(-0.,-1.,0.));
#2949 = FACE_BOUND('',#2950,.F.);
#2950 = EDGE_LOOP('',(#2951));
#2951 = ORIENTED_EDGE('',*,*,#2952,.T.);
#2952 = EDGE_CURVE('',#2953,#2953,#2955,.T.);
#2953 = VERTEX_POINT('',#2954);
#2954 = CARTESIAN_POINT('',(192.04,-79.0645,0.));
#2955 = CIRCLE('',#2956,0.4445);
#2956 = AXIS2_PLACEMENT_3D('',#2957,#2958,#2959);
#2957 = CARTESIAN_POINT('',(192.04,-78.62,0.));
#2958 = DIRECTION('',(-0.,0.,-1.));
#2959 = DIRECTION('',(-0.,-1.,0.));
#2960 = FACE_BOUND('',#2961,.F.);
#2961 = EDGE_LOOP('',(#2962));
#2962 = ORIENTED_EDGE('',*,*,#2963,.T.);
#2963 = EDGE_CURVE('',#2964,#2964,#2966,.T.);
#2964 = VERTEX_POINT('',#2965);
#2965 = CARTESIAN_POINT('',(155.,-69.5,0.));
#2966 = CIRCLE('',#2967,0.5);
#2967 = AXIS2_PLACEMENT_3D('',#2968,#2969,#2970);
#2968 = CARTESIAN_POINT('',(155.,-69.,0.));
#2969 = DIRECTION('',(-0.,0.,-1.));
#2970 = DIRECTION('',(-0.,-1.,0.));
#2971 = FACE_BOUND('',#2972,.F.);
#2972 = EDGE_LOOP('',(#2973,#2984,#2992,#3001));
#2973 = ORIENTED_EDGE('',*,*,#2974,.T.);
#2974 = EDGE_CURVE('',#2975,#2977,#2979,.T.);
#2975 = VERTEX_POINT('',#2976);
#2976 = CARTESIAN_POINT('',(148.65,-65.15,0.));
#2977 = VERTEX_POINT('',#2978);
#2978 = CARTESIAN_POINT('',(148.65,-66.65,0.));
#2979 = CIRCLE('',#2980,0.75);
#2980 = AXIS2_PLACEMENT_3D('',#2981,#2982,#2983);
#2981 = CARTESIAN_POINT('',(148.65,-65.9,0.));
#2982 = DIRECTION('',(-0.,0.,-1.));
#2983 = DIRECTION('',(-0.,-1.,0.));
#2984 = ORIENTED_EDGE('',*,*,#2985,.T.);
#2985 = EDGE_CURVE('',#2977,#2986,#2988,.T.);
#2986 = VERTEX_POINT('',#2987);
#2987 = CARTESIAN_POINT('',(147.35,-66.65,0.));
#2988 = LINE('',#2989,#2990);
#2989 = CARTESIAN_POINT('',(73.675,-66.65,0.));
#2990 = VECTOR('',#2991,1.);
#2991 = DIRECTION('',(-1.,0.,0.));
#2992 = ORIENTED_EDGE('',*,*,#2993,.T.);
#2993 = EDGE_CURVE('',#2986,#2994,#2996,.T.);
#2994 = VERTEX_POINT('',#2995);
#2995 = CARTESIAN_POINT('',(147.35,-65.15,0.));
#2996 = CIRCLE('',#2997,0.75);
#2997 = AXIS2_PLACEMENT_3D('',#2998,#2999,#3000);
#2998 = CARTESIAN_POINT('',(147.35,-65.9,0.));
#2999 = DIRECTION('',(-0.,0.,-1.));
#3000 = DIRECTION('',(0.,1.,0.));
#3001 = ORIENTED_EDGE('',*,*,#3002,.T.);
#3002 = EDGE_CURVE('',#2994,#2975,#3003,.T.);
#3003 = LINE('',#3004,#3005);
#3004 = CARTESIAN_POINT('',(74.325,-65.15,0.));
#3005 = VECTOR('',#3006,1.);
#3006 = DIRECTION('',(1.,0.,-0.));
#3007 = FACE_BOUND('',#3008,.F.);
#3008 = EDGE_LOOP('',(#3009));
#3009 = ORIENTED_EDGE('',*,*,#3010,.T.);
#3010 = EDGE_CURVE('',#3011,#3011,#3013,.T.);
#3011 = VERTEX_POINT('',#3012);
#3012 = CARTESIAN_POINT('',(176.8,-63.8245,0.));
#3013 = CIRCLE('',#3014,0.4445);
#3014 = AXIS2_PLACEMENT_3D('',#3015,#3016,#3017);
#3015 = CARTESIAN_POINT('',(176.8,-63.38,0.));
#3016 = DIRECTION('',(-0.,0.,-1.));
#3017 = DIRECTION('',(-0.,-1.,0.));
#3018 = FACE_BOUND('',#3019,.F.);
#3019 = EDGE_LOOP('',(#3020));
#3020 = ORIENTED_EDGE('',*,*,#3021,.T.);
#3021 = EDGE_CURVE('',#3022,#3022,#3024,.T.);
#3022 = VERTEX_POINT('',#3023);
#3023 = CARTESIAN_POINT('',(179.34,-63.8245,0.));
#3024 = CIRCLE('',#3025,0.4445);
#3025 = AXIS2_PLACEMENT_3D('',#3026,#3027,#3028);
#3026 = CARTESIAN_POINT('',(179.34,-63.38,0.));
#3027 = DIRECTION('',(-0.,0.,-1.));
#3028 = DIRECTION('',(-0.,-1.,0.));
#3029 = FACE_BOUND('',#3030,.F.);
#3030 = EDGE_LOOP('',(#3031));
#3031 = ORIENTED_EDGE('',*,*,#3032,.T.);
#3032 = EDGE_CURVE('',#3033,#3033,#3035,.T.);
#3033 = VERTEX_POINT('',#3034);
#3034 = CARTESIAN_POINT('',(181.88,-63.8245,0.));
#3035 = CIRCLE('',#3036,0.4445);
#3036 = AXIS2_PLACEMENT_3D('',#3037,#3038,#3039);
#3037 = CARTESIAN_POINT('',(181.88,-63.38,0.));
#3038 = DIRECTION('',(-0.,0.,-1.));
#3039 = DIRECTION('',(-0.,-1.,0.));
#3040 = FACE_BOUND('',#3041,.F.);
#3041 = EDGE_LOOP('',(#3042));
#3042 = ORIENTED_EDGE('',*,*,#3043,.T.);
#3043 = EDGE_CURVE('',#3044,#3044,#3046,.T.);
#3044 = VERTEX_POINT('',#3045);
#3045 = CARTESIAN_POINT('',(184.42,-63.8245,0.));
#3046 = CIRCLE('',#3047,0.4445);
#3047 = AXIS2_PLACEMENT_3D('',#3048,#3049,#3050);
#3048 = CARTESIAN_POINT('',(184.42,-63.38,0.));
#3049 = DIRECTION('',(-0.,0.,-1.));
#3050 = DIRECTION('',(-6.394085361171E-14,-1.,0.));
#3051 = FACE_BOUND('',#3052,.F.);
#3052 = EDGE_LOOP('',(#3053));
#3053 = ORIENTED_EDGE('',*,*,#3054,.T.);
#3054 = EDGE_CURVE('',#3055,#3055,#3057,.T.);
#3055 = VERTEX_POINT('',#3056);
#3056 = CARTESIAN_POINT('',(186.96,-63.8245,0.));
#3057 = CIRCLE('',#3058,0.4445);
#3058 = AXIS2_PLACEMENT_3D('',#3059,#3060,#3061);
#3059 = CARTESIAN_POINT('',(186.96,-63.38,0.));
#3060 = DIRECTION('',(-0.,0.,-1.));
#3061 = DIRECTION('',(-0.,-1.,0.));
#3062 = FACE_BOUND('',#3063,.F.);
#3063 = EDGE_LOOP('',(#3064));
#3064 = ORIENTED_EDGE('',*,*,#3065,.T.);
#3065 = EDGE_CURVE('',#3066,#3066,#3068,.T.);
#3066 = VERTEX_POINT('',#3067);
#3067 = CARTESIAN_POINT('',(189.5,-63.8245,0.));
#3068 = CIRCLE('',#3069,0.4445);
#3069 = AXIS2_PLACEMENT_3D('',#3070,#3071,#3072);
#3070 = CARTESIAN_POINT('',(189.5,-63.38,0.));
#3071 = DIRECTION('',(-0.,0.,-1.));
#3072 = DIRECTION('',(-0.,-1.,0.));
#3073 = FACE_BOUND('',#3074,.F.);
#3074 = EDGE_LOOP('',(#3075));
#3075 = ORIENTED_EDGE('',*,*,#3076,.T.);
#3076 = EDGE_CURVE('',#3077,#3077,#3079,.T.);
#3077 = VERTEX_POINT('',#3078);
#3078 = CARTESIAN_POINT('',(192.04,-63.8245,0.));
#3079 = CIRCLE('',#3080,0.4445);
#3080 = AXIS2_PLACEMENT_3D('',#3081,#3082,#3083);
#3081 = CARTESIAN_POINT('',(192.04,-63.38,0.));
#3082 = DIRECTION('',(-0.,0.,-1.));
#3083 = DIRECTION('',(-0.,-1.,0.));
#3084 = PLANE('',#3085);
#3085 = AXIS2_PLACEMENT_3D('',#3086,#3087,#3088);
#3086 = CARTESIAN_POINT('',(0.,0.,0.));
#3087 = DIRECTION('',(0.,0.,1.));
#3088 = DIRECTION('',(1.,0.,-0.));
#3089 = ADVANCED_FACE('',(#3090,#3101,#3112,#3123,#3134,#3145,#3156,
    #3167,#3178,#3189,#3200,#3211,#3222,#3233,#3244,#3255,#3266,#3277,
    #3288,#3299,#3310,#3321,#3332,#3343,#3354,#3365,#3376,#3387,#3398,
    #3409,#3420,#3431,#3442,#3453,#3464,#3475,#3511,#3522,#3533,#3544,
    #3555,#3566,#3577,#3588,#3599,#3610,#3646,#3657,#3668,#3679,#3690,
    #3701,#3712),#3723,.T.);
#3090 = FACE_BOUND('',#3091,.T.);
#3091 = EDGE_LOOP('',(#3092,#3093,#3094,#3100));
#3092 = ORIENTED_EDGE('',*,*,#2362,.F.);
#3093 = ORIENTED_EDGE('',*,*,#2402,.F.);
#3094 = ORIENTED_EDGE('',*,*,#3095,.F.);
#3095 = EDGE_CURVE('',#2425,#2395,#3096,.T.);
#3096 = LINE('',#3097,#3098);
#3097 = CARTESIAN_POINT('',(98.5,-60.,1.51));
#3098 = VECTOR('',#3099,1.);
#3099 = DIRECTION('',(1.,0.,0.));
#3100 = ORIENTED_EDGE('',*,*,#2424,.F.);
#3101 = FACE_BOUND('',#3102,.T.);
#3102 = EDGE_LOOP('',(#3103));
#3103 = ORIENTED_EDGE('',*,*,#3104,.T.);
#3104 = EDGE_CURVE('',#3105,#3105,#3107,.T.);
#3105 = VERTEX_POINT('',#3106);
#3106 = CARTESIAN_POINT('',(104.5,-91.35,1.51));
#3107 = CIRCLE('',#3108,0.85);
#3108 = AXIS2_PLACEMENT_3D('',#3109,#3110,#3111);
#3109 = CARTESIAN_POINT('',(104.5,-90.5,1.51));
#3110 = DIRECTION('',(-0.,0.,-1.));
#3111 = DIRECTION('',(-0.,-1.,0.));
#3112 = FACE_BOUND('',#3113,.T.);
#3113 = EDGE_LOOP('',(#3114));
#3114 = ORIENTED_EDGE('',*,*,#3115,.T.);
#3115 = EDGE_CURVE('',#3116,#3116,#3118,.T.);
#3116 = VERTEX_POINT('',#3117);
#3117 = CARTESIAN_POINT('',(109.58,-92.5,1.51));
#3118 = CIRCLE('',#3119,2.);
#3119 = AXIS2_PLACEMENT_3D('',#3120,#3121,#3122);
#3120 = CARTESIAN_POINT('',(109.58,-90.5,1.51));
#3121 = DIRECTION('',(-0.,0.,-1.));
#3122 = DIRECTION('',(-0.,-1.,0.));
#3123 = FACE_BOUND('',#3124,.T.);
#3124 = EDGE_LOOP('',(#3125));
#3125 = ORIENTED_EDGE('',*,*,#3126,.T.);
#3126 = EDGE_CURVE('',#3127,#3127,#3129,.T.);
#3127 = VERTEX_POINT('',#3128);
#3128 = CARTESIAN_POINT('',(105.77,-88.71,1.51));
#3129 = CIRCLE('',#3130,0.75);
#3130 = AXIS2_PLACEMENT_3D('',#3131,#3132,#3133);
#3131 = CARTESIAN_POINT('',(105.77,-87.96,1.51));
#3132 = DIRECTION('',(-0.,0.,-1.));
#3133 = DIRECTION('',(-0.,-1.,0.));
#3134 = FACE_BOUND('',#3135,.T.);
#3135 = EDGE_LOOP('',(#3136));
#3136 = ORIENTED_EDGE('',*,*,#3137,.T.);
#3137 = EDGE_CURVE('',#3138,#3138,#3140,.T.);
#3138 = VERTEX_POINT('',#3139);
#3139 = CARTESIAN_POINT('',(114.66,-91.35,1.51));
#3140 = CIRCLE('',#3141,0.85);
#3141 = AXIS2_PLACEMENT_3D('',#3142,#3143,#3144);
#3142 = CARTESIAN_POINT('',(114.66,-90.5,1.51));
#3143 = DIRECTION('',(-0.,0.,-1.));
#3144 = DIRECTION('',(-0.,-1.,0.));
#3145 = FACE_BOUND('',#3146,.T.);
#3146 = EDGE_LOOP('',(#3147));
#3147 = ORIENTED_EDGE('',*,*,#3148,.T.);
#3148 = EDGE_CURVE('',#3149,#3149,#3151,.T.);
#3149 = VERTEX_POINT('',#3150);
#3150 = CARTESIAN_POINT('',(112.12,-86.17,1.51));
#3151 = CIRCLE('',#3152,0.75);
#3152 = AXIS2_PLACEMENT_3D('',#3153,#3154,#3155);
#3153 = CARTESIAN_POINT('',(112.12,-85.42,1.51));
#3154 = DIRECTION('',(-0.,0.,-1.));
#3155 = DIRECTION('',(-0.,-1.,0.));
#3156 = FACE_BOUND('',#3157,.T.);
#3157 = EDGE_LOOP('',(#3158));
#3158 = ORIENTED_EDGE('',*,*,#3159,.T.);
#3159 = EDGE_CURVE('',#3160,#3160,#3162,.T.);
#3160 = VERTEX_POINT('',#3161);
#3161 = CARTESIAN_POINT('',(123.5,-91.35,1.51));
#3162 = CIRCLE('',#3163,0.85);
#3163 = AXIS2_PLACEMENT_3D('',#3164,#3165,#3166);
#3164 = CARTESIAN_POINT('',(123.5,-90.5,1.51));
#3165 = DIRECTION('',(-0.,0.,-1.));
#3166 = DIRECTION('',(-0.,-1.,0.));
#3167 = FACE_BOUND('',#3168,.T.);
#3168 = EDGE_LOOP('',(#3169));
#3169 = ORIENTED_EDGE('',*,*,#3170,.T.);
#3170 = EDGE_CURVE('',#3171,#3171,#3173,.T.);
#3171 = VERTEX_POINT('',#3172);
#3172 = CARTESIAN_POINT('',(128.58,-92.5,1.51));
#3173 = CIRCLE('',#3174,2.);
#3174 = AXIS2_PLACEMENT_3D('',#3175,#3176,#3177);
#3175 = CARTESIAN_POINT('',(128.58,-90.5,1.51));
#3176 = DIRECTION('',(-0.,0.,-1.));
#3177 = DIRECTION('',(-0.,-1.,0.));
#3178 = FACE_BOUND('',#3179,.T.);
#3179 = EDGE_LOOP('',(#3180));
#3180 = ORIENTED_EDGE('',*,*,#3181,.T.);
#3181 = EDGE_CURVE('',#3182,#3182,#3184,.T.);
#3182 = VERTEX_POINT('',#3183);
#3183 = CARTESIAN_POINT('',(133.66,-91.35,1.51));
#3184 = CIRCLE('',#3185,0.85);
#3185 = AXIS2_PLACEMENT_3D('',#3186,#3187,#3188);
#3186 = CARTESIAN_POINT('',(133.66,-90.5,1.51));
#3187 = DIRECTION('',(-0.,0.,-1.));
#3188 = DIRECTION('',(-0.,-1.,0.));
#3189 = FACE_BOUND('',#3190,.T.);
#3190 = EDGE_LOOP('',(#3191));
#3191 = ORIENTED_EDGE('',*,*,#3192,.T.);
#3192 = EDGE_CURVE('',#3193,#3193,#3195,.T.);
#3193 = VERTEX_POINT('',#3194);
#3194 = CARTESIAN_POINT('',(124.77,-88.71,1.51));
#3195 = CIRCLE('',#3196,0.75);
#3196 = AXIS2_PLACEMENT_3D('',#3197,#3198,#3199);
#3197 = CARTESIAN_POINT('',(124.77,-87.96,1.51));
#3198 = DIRECTION('',(-0.,0.,-1.));
#3199 = DIRECTION('',(-0.,-1.,0.));
#3200 = FACE_BOUND('',#3201,.T.);
#3201 = EDGE_LOOP('',(#3202));
#3202 = ORIENTED_EDGE('',*,*,#3203,.T.);
#3203 = EDGE_CURVE('',#3204,#3204,#3206,.T.);
#3204 = VERTEX_POINT('',#3205);
#3205 = CARTESIAN_POINT('',(142.5,-91.35,1.51));
#3206 = CIRCLE('',#3207,0.85);
#3207 = AXIS2_PLACEMENT_3D('',#3208,#3209,#3210);
#3208 = CARTESIAN_POINT('',(142.5,-90.5,1.51));
#3209 = DIRECTION('',(-0.,0.,-1.));
#3210 = DIRECTION('',(-0.,-1.,0.));
#3211 = FACE_BOUND('',#3212,.T.);
#3212 = EDGE_LOOP('',(#3213));
#3213 = ORIENTED_EDGE('',*,*,#3214,.T.);
#3214 = EDGE_CURVE('',#3215,#3215,#3217,.T.);
#3215 = VERTEX_POINT('',#3216);
#3216 = CARTESIAN_POINT('',(147.58,-92.5,1.51));
#3217 = CIRCLE('',#3218,2.);
#3218 = AXIS2_PLACEMENT_3D('',#3219,#3220,#3221);
#3219 = CARTESIAN_POINT('',(147.58,-90.5,1.51));
#3220 = DIRECTION('',(-0.,0.,-1.));
#3221 = DIRECTION('',(-0.,-1.,0.));
#3222 = FACE_BOUND('',#3223,.T.);
#3223 = EDGE_LOOP('',(#3224));
#3224 = ORIENTED_EDGE('',*,*,#3225,.T.);
#3225 = EDGE_CURVE('',#3226,#3226,#3228,.T.);
#3226 = VERTEX_POINT('',#3227);
#3227 = CARTESIAN_POINT('',(143.77,-88.71,1.51));
#3228 = CIRCLE('',#3229,0.75);
#3229 = AXIS2_PLACEMENT_3D('',#3230,#3231,#3232);
#3230 = CARTESIAN_POINT('',(143.77,-87.96,1.51));
#3231 = DIRECTION('',(-0.,0.,-1.));
#3232 = DIRECTION('',(-0.,-1.,0.));
#3233 = FACE_BOUND('',#3234,.T.);
#3234 = EDGE_LOOP('',(#3235));
#3235 = ORIENTED_EDGE('',*,*,#3236,.T.);
#3236 = EDGE_CURVE('',#3237,#3237,#3239,.T.);
#3237 = VERTEX_POINT('',#3238);
#3238 = CARTESIAN_POINT('',(131.12,-86.17,1.51));
#3239 = CIRCLE('',#3240,0.75);
#3240 = AXIS2_PLACEMENT_3D('',#3241,#3242,#3243);
#3241 = CARTESIAN_POINT('',(131.12,-85.42,1.51));
#3242 = DIRECTION('',(-0.,0.,-1.));
#3243 = DIRECTION('',(-0.,-1.,0.));
#3244 = FACE_BOUND('',#3245,.T.);
#3245 = EDGE_LOOP('',(#3246));
#3246 = ORIENTED_EDGE('',*,*,#3247,.F.);
#3247 = EDGE_CURVE('',#3248,#3248,#3250,.T.);
#3248 = VERTEX_POINT('',#3249);
#3249 = CARTESIAN_POINT('',(196.5,-100.5,1.51));
#3250 = CIRCLE('',#3251,0.5);
#3251 = AXIS2_PLACEMENT_3D('',#3252,#3253,#3254);
#3252 = CARTESIAN_POINT('',(196.,-100.5,1.51));
#3253 = DIRECTION('',(0.,0.,1.));
#3254 = DIRECTION('',(1.,0.,-0.));
#3255 = FACE_BOUND('',#3256,.T.);
#3256 = EDGE_LOOP('',(#3257));
#3257 = ORIENTED_EDGE('',*,*,#3258,.T.);
#3258 = EDGE_CURVE('',#3259,#3259,#3261,.T.);
#3259 = VERTEX_POINT('',#3260);
#3260 = CARTESIAN_POINT('',(152.66,-91.35,1.51));
#3261 = CIRCLE('',#3262,0.85);
#3262 = AXIS2_PLACEMENT_3D('',#3263,#3264,#3265);
#3263 = CARTESIAN_POINT('',(152.66,-90.5,1.51));
#3264 = DIRECTION('',(-0.,0.,-1.));
#3265 = DIRECTION('',(-0.,-1.,0.));
#3266 = FACE_BOUND('',#3267,.T.);
#3267 = EDGE_LOOP('',(#3268));
#3268 = ORIENTED_EDGE('',*,*,#3269,.T.);
#3269 = EDGE_CURVE('',#3270,#3270,#3272,.T.);
#3270 = VERTEX_POINT('',#3271);
#3271 = CARTESIAN_POINT('',(161.5,-91.35,1.51));
#3272 = CIRCLE('',#3273,0.85);
#3273 = AXIS2_PLACEMENT_3D('',#3274,#3275,#3276);
#3274 = CARTESIAN_POINT('',(161.5,-90.5,1.51));
#3275 = DIRECTION('',(-0.,0.,-1.));
#3276 = DIRECTION('',(-0.,-1.,0.));
#3277 = FACE_BOUND('',#3278,.T.);
#3278 = EDGE_LOOP('',(#3279));
#3279 = ORIENTED_EDGE('',*,*,#3280,.T.);
#3280 = EDGE_CURVE('',#3281,#3281,#3283,.T.);
#3281 = VERTEX_POINT('',#3282);
#3282 = CARTESIAN_POINT('',(166.58,-92.5,1.51));
#3283 = CIRCLE('',#3284,2.);
#3284 = AXIS2_PLACEMENT_3D('',#3285,#3286,#3287);
#3285 = CARTESIAN_POINT('',(166.58,-90.5,1.51));
#3286 = DIRECTION('',(-0.,0.,-1.));
#3287 = DIRECTION('',(-0.,-1.,0.));
#3288 = FACE_BOUND('',#3289,.T.);
#3289 = EDGE_LOOP('',(#3290));
#3290 = ORIENTED_EDGE('',*,*,#3291,.T.);
#3291 = EDGE_CURVE('',#3292,#3292,#3294,.T.);
#3292 = VERTEX_POINT('',#3293);
#3293 = CARTESIAN_POINT('',(171.66,-91.35,1.51));
#3294 = CIRCLE('',#3295,0.85);
#3295 = AXIS2_PLACEMENT_3D('',#3296,#3297,#3298);
#3296 = CARTESIAN_POINT('',(171.66,-90.5,1.51));
#3297 = DIRECTION('',(-0.,0.,-1.));
#3298 = DIRECTION('',(-0.,-1.,0.));
#3299 = FACE_BOUND('',#3300,.T.);
#3300 = EDGE_LOOP('',(#3301));
#3301 = ORIENTED_EDGE('',*,*,#3302,.T.);
#3302 = EDGE_CURVE('',#3303,#3303,#3305,.T.);
#3303 = VERTEX_POINT('',#3304);
#3304 = CARTESIAN_POINT('',(162.77,-88.71,1.51));
#3305 = CIRCLE('',#3306,0.75);
#3306 = AXIS2_PLACEMENT_3D('',#3307,#3308,#3309);
#3307 = CARTESIAN_POINT('',(162.77,-87.96,1.51));
#3308 = DIRECTION('',(-0.,0.,-1.));
#3309 = DIRECTION('',(-0.,-1.,0.));
#3310 = FACE_BOUND('',#3311,.T.);
#3311 = EDGE_LOOP('',(#3312));
#3312 = ORIENTED_EDGE('',*,*,#3313,.T.);
#3313 = EDGE_CURVE('',#3314,#3314,#3316,.T.);
#3314 = VERTEX_POINT('',#3315);
#3315 = CARTESIAN_POINT('',(150.12,-86.17,1.51));
#3316 = CIRCLE('',#3317,0.75);
#3317 = AXIS2_PLACEMENT_3D('',#3318,#3319,#3320);
#3318 = CARTESIAN_POINT('',(150.12,-85.42,1.51));
#3319 = DIRECTION('',(-0.,0.,-1.));
#3320 = DIRECTION('',(-0.,-1.,0.));
#3321 = FACE_BOUND('',#3322,.T.);
#3322 = EDGE_LOOP('',(#3323));
#3323 = ORIENTED_EDGE('',*,*,#3324,.T.);
#3324 = EDGE_CURVE('',#3325,#3325,#3327,.T.);
#3325 = VERTEX_POINT('',#3326);
#3326 = CARTESIAN_POINT('',(169.12,-86.17,1.51));
#3327 = CIRCLE('',#3328,0.75);
#3328 = AXIS2_PLACEMENT_3D('',#3329,#3330,#3331);
#3329 = CARTESIAN_POINT('',(169.12,-85.42,1.51));
#3330 = DIRECTION('',(-0.,0.,-1.));
#3331 = DIRECTION('',(-0.,-1.,0.));
#3332 = FACE_BOUND('',#3333,.T.);
#3333 = EDGE_LOOP('',(#3334));
#3334 = ORIENTED_EDGE('',*,*,#3335,.T.);
#3335 = EDGE_CURVE('',#3336,#3336,#3338,.T.);
#3336 = VERTEX_POINT('',#3337);
#3337 = CARTESIAN_POINT('',(180.5,-91.35,1.51));
#3338 = CIRCLE('',#3339,0.85);
#3339 = AXIS2_PLACEMENT_3D('',#3340,#3341,#3342);
#3340 = CARTESIAN_POINT('',(180.5,-90.5,1.51));
#3341 = DIRECTION('',(-0.,0.,-1.));
#3342 = DIRECTION('',(-0.,-1.,0.));
#3343 = FACE_BOUND('',#3344,.T.);
#3344 = EDGE_LOOP('',(#3345));
#3345 = ORIENTED_EDGE('',*,*,#3346,.T.);
#3346 = EDGE_CURVE('',#3347,#3347,#3349,.T.);
#3347 = VERTEX_POINT('',#3348);
#3348 = CARTESIAN_POINT('',(181.77,-88.71,1.51));
#3349 = CIRCLE('',#3350,0.75);
#3350 = AXIS2_PLACEMENT_3D('',#3351,#3352,#3353);
#3351 = CARTESIAN_POINT('',(181.77,-87.96,1.51));
#3352 = DIRECTION('',(-0.,0.,-1.));
#3353 = DIRECTION('',(-0.,-1.,0.));
#3354 = FACE_BOUND('',#3355,.T.);
#3355 = EDGE_LOOP('',(#3356));
#3356 = ORIENTED_EDGE('',*,*,#3357,.T.);
#3357 = EDGE_CURVE('',#3358,#3358,#3360,.T.);
#3358 = VERTEX_POINT('',#3359);
#3359 = CARTESIAN_POINT('',(185.58,-92.5,1.51));
#3360 = CIRCLE('',#3361,2.);
#3361 = AXIS2_PLACEMENT_3D('',#3362,#3363,#3364);
#3362 = CARTESIAN_POINT('',(185.58,-90.5,1.51));
#3363 = DIRECTION('',(-0.,0.,-1.));
#3364 = DIRECTION('',(-0.,-1.,0.));
#3365 = FACE_BOUND('',#3366,.T.);
#3366 = EDGE_LOOP('',(#3367));
#3367 = ORIENTED_EDGE('',*,*,#3368,.T.);
#3368 = EDGE_CURVE('',#3369,#3369,#3371,.T.);
#3369 = VERTEX_POINT('',#3370);
#3370 = CARTESIAN_POINT('',(190.66,-91.35,1.51));
#3371 = CIRCLE('',#3372,0.85);
#3372 = AXIS2_PLACEMENT_3D('',#3373,#3374,#3375);
#3373 = CARTESIAN_POINT('',(190.66,-90.5,1.51));
#3374 = DIRECTION('',(-0.,0.,-1.));
#3375 = DIRECTION('',(-0.,-1.,0.));
#3376 = FACE_BOUND('',#3377,.T.);
#3377 = EDGE_LOOP('',(#3378));
#3378 = ORIENTED_EDGE('',*,*,#3379,.T.);
#3379 = EDGE_CURVE('',#3380,#3380,#3382,.T.);
#3380 = VERTEX_POINT('',#3381);
#3381 = CARTESIAN_POINT('',(188.12,-86.17,1.51));
#3382 = CIRCLE('',#3383,0.75);
#3383 = AXIS2_PLACEMENT_3D('',#3384,#3385,#3386);
#3384 = CARTESIAN_POINT('',(188.12,-85.42,1.51));
#3385 = DIRECTION('',(-0.,0.,-1.));
#3386 = DIRECTION('',(-0.,-1.,0.));
#3387 = FACE_BOUND('',#3388,.T.);
#3388 = EDGE_LOOP('',(#3389));
#3389 = ORIENTED_EDGE('',*,*,#3390,.T.);
#3390 = EDGE_CURVE('',#3391,#3391,#3393,.T.);
#3391 = VERTEX_POINT('',#3392);
#3392 = CARTESIAN_POINT('',(102.,-75.81,1.51));
#3393 = CIRCLE('',#3394,0.5);
#3394 = AXIS2_PLACEMENT_3D('',#3395,#3396,#3397);
#3395 = CARTESIAN_POINT('',(102.,-75.31,1.51));
#3396 = DIRECTION('',(-0.,0.,-1.));
#3397 = DIRECTION('',(-0.,-1.,0.));
#3398 = FACE_BOUND('',#3399,.T.);
#3399 = EDGE_LOOP('',(#3400));
#3400 = ORIENTED_EDGE('',*,*,#3401,.T.);
#3401 = EDGE_CURVE('',#3402,#3402,#3404,.T.);
#3402 = VERTEX_POINT('',#3403);
#3403 = CARTESIAN_POINT('',(102.,-73.27,1.51));
#3404 = CIRCLE('',#3405,0.5);
#3405 = AXIS2_PLACEMENT_3D('',#3406,#3407,#3408);
#3406 = CARTESIAN_POINT('',(102.,-72.77,1.51));
#3407 = DIRECTION('',(-0.,0.,-1.));
#3408 = DIRECTION('',(-0.,-1.,0.));
#3409 = FACE_BOUND('',#3410,.T.);
#3410 = EDGE_LOOP('',(#3411));
#3411 = ORIENTED_EDGE('',*,*,#3412,.T.);
#3412 = EDGE_CURVE('',#3413,#3413,#3415,.T.);
#3413 = VERTEX_POINT('',#3414);
#3414 = CARTESIAN_POINT('',(140.5,-74.5,1.51));
#3415 = CIRCLE('',#3416,0.5);
#3416 = AXIS2_PLACEMENT_3D('',#3417,#3418,#3419);
#3417 = CARTESIAN_POINT('',(140.5,-74.,1.51));
#3418 = DIRECTION('',(-0.,0.,-1.));
#3419 = DIRECTION('',(-0.,-1.,0.));
#3420 = FACE_BOUND('',#3421,.T.);
#3421 = EDGE_LOOP('',(#3422));
#3422 = ORIENTED_EDGE('',*,*,#3423,.T.);
#3423 = EDGE_CURVE('',#3424,#3424,#3426,.T.);
#3424 = VERTEX_POINT('',#3425);
#3425 = CARTESIAN_POINT('',(140.5,-72.,1.51));
#3426 = CIRCLE('',#3427,0.5);
#3427 = AXIS2_PLACEMENT_3D('',#3428,#3429,#3430);
#3428 = CARTESIAN_POINT('',(140.5,-71.5,1.51));
#3429 = DIRECTION('',(-0.,0.,-1.));
#3430 = DIRECTION('',(-0.,-1.,0.));
#3431 = FACE_BOUND('',#3432,.T.);
#3432 = EDGE_LOOP('',(#3433));
#3433 = ORIENTED_EDGE('',*,*,#3434,.T.);
#3434 = EDGE_CURVE('',#3435,#3435,#3437,.T.);
#3435 = VERTEX_POINT('',#3436);
#3436 = CARTESIAN_POINT('',(102.,-70.73,1.51));
#3437 = CIRCLE('',#3438,0.5);
#3438 = AXIS2_PLACEMENT_3D('',#3439,#3440,#3441);
#3439 = CARTESIAN_POINT('',(102.,-70.23,1.51));
#3440 = DIRECTION('',(-0.,0.,-1.));
#3441 = DIRECTION('',(-0.,-1.,0.));
#3442 = FACE_BOUND('',#3443,.T.);
#3443 = EDGE_LOOP('',(#3444));
#3444 = ORIENTED_EDGE('',*,*,#3445,.T.);
#3445 = EDGE_CURVE('',#3446,#3446,#3448,.T.);
#3446 = VERTEX_POINT('',#3447);
#3447 = CARTESIAN_POINT('',(102.,-68.19,1.51));
#3448 = CIRCLE('',#3449,0.5);
#3449 = AXIS2_PLACEMENT_3D('',#3450,#3451,#3452);
#3450 = CARTESIAN_POINT('',(102.,-67.69,1.51));
#3451 = DIRECTION('',(-0.,0.,-1.));
#3452 = DIRECTION('',(-0.,-1.,0.));
#3453 = FACE_BOUND('',#3454,.T.);
#3454 = EDGE_LOOP('',(#3455));
#3455 = ORIENTED_EDGE('',*,*,#3456,.F.);
#3456 = EDGE_CURVE('',#3457,#3457,#3459,.T.);
#3457 = VERTEX_POINT('',#3458);
#3458 = CARTESIAN_POINT('',(100.,-61.,1.51));
#3459 = CIRCLE('',#3460,0.5);
#3460 = AXIS2_PLACEMENT_3D('',#3461,#3462,#3463);
#3461 = CARTESIAN_POINT('',(99.5,-61.,1.51));
#3462 = DIRECTION('',(0.,0.,1.));
#3463 = DIRECTION('',(1.,0.,-0.));
#3464 = FACE_BOUND('',#3465,.T.);
#3465 = EDGE_LOOP('',(#3466));
#3466 = ORIENTED_EDGE('',*,*,#3467,.T.);
#3467 = EDGE_CURVE('',#3468,#3468,#3470,.T.);
#3468 = VERTEX_POINT('',#3469);
#3469 = CARTESIAN_POINT('',(140.5,-69.5,1.51));
#3470 = CIRCLE('',#3471,0.5);
#3471 = AXIS2_PLACEMENT_3D('',#3472,#3473,#3474);
#3472 = CARTESIAN_POINT('',(140.5,-69.,1.51));
#3473 = DIRECTION('',(-0.,0.,-1.));
#3474 = DIRECTION('',(-0.,-1.,0.));
#3475 = FACE_BOUND('',#3476,.T.);
#3476 = EDGE_LOOP('',(#3477,#3488,#3496,#3505));
#3477 = ORIENTED_EDGE('',*,*,#3478,.T.);
#3478 = EDGE_CURVE('',#3479,#3481,#3483,.T.);
#3479 = VERTEX_POINT('',#3480);
#3480 = CARTESIAN_POINT('',(148.65,-76.35,1.51));
#3481 = VERTEX_POINT('',#3482);
#3482 = CARTESIAN_POINT('',(148.65,-77.85,1.51));
#3483 = CIRCLE('',#3484,0.75);
#3484 = AXIS2_PLACEMENT_3D('',#3485,#3486,#3487);
#3485 = CARTESIAN_POINT('',(148.65,-77.1,1.51));
#3486 = DIRECTION('',(-0.,0.,-1.));
#3487 = DIRECTION('',(-0.,-1.,0.));
#3488 = ORIENTED_EDGE('',*,*,#3489,.T.);
#3489 = EDGE_CURVE('',#3481,#3490,#3492,.T.);
#3490 = VERTEX_POINT('',#3491);
#3491 = CARTESIAN_POINT('',(147.35,-77.85,1.51));
#3492 = LINE('',#3493,#3494);
#3493 = CARTESIAN_POINT('',(73.675,-77.85,1.51));
#3494 = VECTOR('',#3495,1.);
#3495 = DIRECTION('',(-1.,0.,0.));
#3496 = ORIENTED_EDGE('',*,*,#3497,.T.);
#3497 = EDGE_CURVE('',#3490,#3498,#3500,.T.);
#3498 = VERTEX_POINT('',#3499);
#3499 = CARTESIAN_POINT('',(147.35,-76.35,1.51));
#3500 = CIRCLE('',#3501,0.75);
#3501 = AXIS2_PLACEMENT_3D('',#3502,#3503,#3504);
#3502 = CARTESIAN_POINT('',(147.35,-77.1,1.51));
#3503 = DIRECTION('',(-0.,0.,-1.));
#3504 = DIRECTION('',(0.,1.,0.));
#3505 = ORIENTED_EDGE('',*,*,#3506,.T.);
#3506 = EDGE_CURVE('',#3498,#3479,#3507,.T.);
#3507 = LINE('',#3508,#3509);
#3508 = CARTESIAN_POINT('',(74.325,-76.35,1.51));
#3509 = VECTOR('',#3510,1.);
#3510 = DIRECTION('',(1.,0.,-0.));
#3511 = FACE_BOUND('',#3512,.T.);
#3512 = EDGE_LOOP('',(#3513));
#3513 = ORIENTED_EDGE('',*,*,#3514,.T.);
#3514 = EDGE_CURVE('',#3515,#3515,#3517,.T.);
#3515 = VERTEX_POINT('',#3516);
#3516 = CARTESIAN_POINT('',(155.,-74.5,1.51));
#3517 = CIRCLE('',#3518,0.5);
#3518 = AXIS2_PLACEMENT_3D('',#3519,#3520,#3521);
#3519 = CARTESIAN_POINT('',(155.,-74.,1.51));
#3520 = DIRECTION('',(-0.,0.,-1.));
#3521 = DIRECTION('',(-0.,-1.,0.));
#3522 = FACE_BOUND('',#3523,.T.);
#3523 = EDGE_LOOP('',(#3524));
#3524 = ORIENTED_EDGE('',*,*,#3525,.T.);
#3525 = EDGE_CURVE('',#3526,#3526,#3528,.T.);
#3526 = VERTEX_POINT('',#3527);
#3527 = CARTESIAN_POINT('',(176.8,-79.0645,1.51));
#3528 = CIRCLE('',#3529,0.4445);
#3529 = AXIS2_PLACEMENT_3D('',#3530,#3531,#3532);
#3530 = CARTESIAN_POINT('',(176.8,-78.62,1.51));
#3531 = DIRECTION('',(-0.,0.,-1.));
#3532 = DIRECTION('',(-0.,-1.,0.));
#3533 = FACE_BOUND('',#3534,.T.);
#3534 = EDGE_LOOP('',(#3535));
#3535 = ORIENTED_EDGE('',*,*,#3536,.T.);
#3536 = EDGE_CURVE('',#3537,#3537,#3539,.T.);
#3537 = VERTEX_POINT('',#3538);
#3538 = CARTESIAN_POINT('',(179.34,-79.0645,1.51));
#3539 = CIRCLE('',#3540,0.4445);
#3540 = AXIS2_PLACEMENT_3D('',#3541,#3542,#3543);
#3541 = CARTESIAN_POINT('',(179.34,-78.62,1.51));
#3542 = DIRECTION('',(-0.,0.,-1.));
#3543 = DIRECTION('',(-0.,-1.,0.));
#3544 = FACE_BOUND('',#3545,.T.);
#3545 = EDGE_LOOP('',(#3546));
#3546 = ORIENTED_EDGE('',*,*,#3547,.T.);
#3547 = EDGE_CURVE('',#3548,#3548,#3550,.T.);
#3548 = VERTEX_POINT('',#3549);
#3549 = CARTESIAN_POINT('',(181.88,-79.0645,1.51));
#3550 = CIRCLE('',#3551,0.4445);
#3551 = AXIS2_PLACEMENT_3D('',#3552,#3553,#3554);
#3552 = CARTESIAN_POINT('',(181.88,-78.62,1.51));
#3553 = DIRECTION('',(-0.,0.,-1.));
#3554 = DIRECTION('',(-0.,-1.,0.));
#3555 = FACE_BOUND('',#3556,.T.);
#3556 = EDGE_LOOP('',(#3557));
#3557 = ORIENTED_EDGE('',*,*,#3558,.T.);
#3558 = EDGE_CURVE('',#3559,#3559,#3561,.T.);
#3559 = VERTEX_POINT('',#3560);
#3560 = CARTESIAN_POINT('',(184.42,-79.0645,1.51));
#3561 = CIRCLE('',#3562,0.4445);
#3562 = AXIS2_PLACEMENT_3D('',#3563,#3564,#3565);
#3563 = CARTESIAN_POINT('',(184.42,-78.62,1.51));
#3564 = DIRECTION('',(-0.,0.,-1.));
#3565 = DIRECTION('',(-6.394085361171E-14,-1.,0.));
#3566 = FACE_BOUND('',#3567,.T.);
#3567 = EDGE_LOOP('',(#3568));
#3568 = ORIENTED_EDGE('',*,*,#3569,.T.);
#3569 = EDGE_CURVE('',#3570,#3570,#3572,.T.);
#3570 = VERTEX_POINT('',#3571);
#3571 = CARTESIAN_POINT('',(186.96,-79.0645,1.51));
#3572 = CIRCLE('',#3573,0.4445);
#3573 = AXIS2_PLACEMENT_3D('',#3574,#3575,#3576);
#3574 = CARTESIAN_POINT('',(186.96,-78.62,1.51));
#3575 = DIRECTION('',(-0.,0.,-1.));
#3576 = DIRECTION('',(-0.,-1.,0.));
#3577 = FACE_BOUND('',#3578,.T.);
#3578 = EDGE_LOOP('',(#3579));
#3579 = ORIENTED_EDGE('',*,*,#3580,.T.);
#3580 = EDGE_CURVE('',#3581,#3581,#3583,.T.);
#3581 = VERTEX_POINT('',#3582);
#3582 = CARTESIAN_POINT('',(189.5,-79.0645,1.51));
#3583 = CIRCLE('',#3584,0.4445);
#3584 = AXIS2_PLACEMENT_3D('',#3585,#3586,#3587);
#3585 = CARTESIAN_POINT('',(189.5,-78.62,1.51));
#3586 = DIRECTION('',(-0.,0.,-1.));
#3587 = DIRECTION('',(-0.,-1.,0.));
#3588 = FACE_BOUND('',#3589,.T.);
#3589 = EDGE_LOOP('',(#3590));
#3590 = ORIENTED_EDGE('',*,*,#3591,.T.);
#3591 = EDGE_CURVE('',#3592,#3592,#3594,.T.);
#3592 = VERTEX_POINT('',#3593);
#3593 = CARTESIAN_POINT('',(192.04,-79.0645,1.51));
#3594 = CIRCLE('',#3595,0.4445);
#3595 = AXIS2_PLACEMENT_3D('',#3596,#3597,#3598);
#3596 = CARTESIAN_POINT('',(192.04,-78.62,1.51));
#3597 = DIRECTION('',(-0.,0.,-1.));
#3598 = DIRECTION('',(-0.,-1.,0.));
#3599 = FACE_BOUND('',#3600,.T.);
#3600 = EDGE_LOOP('',(#3601));
#3601 = ORIENTED_EDGE('',*,*,#3602,.T.);
#3602 = EDGE_CURVE('',#3603,#3603,#3605,.T.);
#3603 = VERTEX_POINT('',#3604);
#3604 = CARTESIAN_POINT('',(155.,-69.5,1.51));
#3605 = CIRCLE('',#3606,0.5);
#3606 = AXIS2_PLACEMENT_3D('',#3607,#3608,#3609);
#3607 = CARTESIAN_POINT('',(155.,-69.,1.51));
#3608 = DIRECTION('',(-0.,0.,-1.));
#3609 = DIRECTION('',(-0.,-1.,0.));
#3610 = FACE_BOUND('',#3611,.T.);
#3611 = EDGE_LOOP('',(#3612,#3623,#3631,#3640));
#3612 = ORIENTED_EDGE('',*,*,#3613,.T.);
#3613 = EDGE_CURVE('',#3614,#3616,#3618,.T.);
#3614 = VERTEX_POINT('',#3615);
#3615 = CARTESIAN_POINT('',(148.65,-65.15,1.51));
#3616 = VERTEX_POINT('',#3617);
#3617 = CARTESIAN_POINT('',(148.65,-66.65,1.51));
#3618 = CIRCLE('',#3619,0.75);
#3619 = AXIS2_PLACEMENT_3D('',#3620,#3621,#3622);
#3620 = CARTESIAN_POINT('',(148.65,-65.9,1.51));
#3621 = DIRECTION('',(-0.,0.,-1.));
#3622 = DIRECTION('',(-0.,-1.,0.));
#3623 = ORIENTED_EDGE('',*,*,#3624,.T.);
#3624 = EDGE_CURVE('',#3616,#3625,#3627,.T.);
#3625 = VERTEX_POINT('',#3626);
#3626 = CARTESIAN_POINT('',(147.35,-66.65,1.51));
#3627 = LINE('',#3628,#3629);
#3628 = CARTESIAN_POINT('',(73.675,-66.65,1.51));
#3629 = VECTOR('',#3630,1.);
#3630 = DIRECTION('',(-1.,0.,0.));
#3631 = ORIENTED_EDGE('',*,*,#3632,.T.);
#3632 = EDGE_CURVE('',#3625,#3633,#3635,.T.);
#3633 = VERTEX_POINT('',#3634);
#3634 = CARTESIAN_POINT('',(147.35,-65.15,1.51));
#3635 = CIRCLE('',#3636,0.75);
#3636 = AXIS2_PLACEMENT_3D('',#3637,#3638,#3639);
#3637 = CARTESIAN_POINT('',(147.35,-65.9,1.51));
#3638 = DIRECTION('',(-0.,0.,-1.));
#3639 = DIRECTION('',(0.,1.,0.));
#3640 = ORIENTED_EDGE('',*,*,#3641,.T.);
#3641 = EDGE_CURVE('',#3633,#3614,#3642,.T.);
#3642 = LINE('',#3643,#3644);
#3643 = CARTESIAN_POINT('',(74.325,-65.15,1.51));
#3644 = VECTOR('',#3645,1.);
#3645 = DIRECTION('',(1.,0.,-0.));
#3646 = FACE_BOUND('',#3647,.T.);
#3647 = EDGE_LOOP('',(#3648));
#3648 = ORIENTED_EDGE('',*,*,#3649,.T.);
#3649 = EDGE_CURVE('',#3650,#3650,#3652,.T.);
#3650 = VERTEX_POINT('',#3651);
#3651 = CARTESIAN_POINT('',(176.8,-63.8245,1.51));
#3652 = CIRCLE('',#3653,0.4445);
#3653 = AXIS2_PLACEMENT_3D('',#3654,#3655,#3656);
#3654 = CARTESIAN_POINT('',(176.8,-63.38,1.51));
#3655 = DIRECTION('',(-0.,0.,-1.));
#3656 = DIRECTION('',(-0.,-1.,0.));
#3657 = FACE_BOUND('',#3658,.T.);
#3658 = EDGE_LOOP('',(#3659));
#3659 = ORIENTED_EDGE('',*,*,#3660,.T.);
#3660 = EDGE_CURVE('',#3661,#3661,#3663,.T.);
#3661 = VERTEX_POINT('',#3662);
#3662 = CARTESIAN_POINT('',(179.34,-63.8245,1.51));
#3663 = CIRCLE('',#3664,0.4445);
#3664 = AXIS2_PLACEMENT_3D('',#3665,#3666,#3667);
#3665 = CARTESIAN_POINT('',(179.34,-63.38,1.51));
#3666 = DIRECTION('',(-0.,0.,-1.));
#3667 = DIRECTION('',(-0.,-1.,0.));
#3668 = FACE_BOUND('',#3669,.T.);
#3669 = EDGE_LOOP('',(#3670));
#3670 = ORIENTED_EDGE('',*,*,#3671,.T.);
#3671 = EDGE_CURVE('',#3672,#3672,#3674,.T.);
#3672 = VERTEX_POINT('',#3673);
#3673 = CARTESIAN_POINT('',(181.88,-63.8245,1.51));
#3674 = CIRCLE('',#3675,0.4445);
#3675 = AXIS2_PLACEMENT_3D('',#3676,#3677,#3678);
#3676 = CARTESIAN_POINT('',(181.88,-63.38,1.51));
#3677 = DIRECTION('',(-0.,0.,-1.));
#3678 = DIRECTION('',(-0.,-1.,0.));
#3679 = FACE_BOUND('',#3680,.T.);
#3680 = EDGE_LOOP('',(#3681));
#3681 = ORIENTED_EDGE('',*,*,#3682,.T.);
#3682 = EDGE_CURVE('',#3683,#3683,#3685,.T.);
#3683 = VERTEX_POINT('',#3684);
#3684 = CARTESIAN_POINT('',(184.42,-63.8245,1.51));
#3685 = CIRCLE('',#3686,0.4445);
#3686 = AXIS2_PLACEMENT_3D('',#3687,#3688,#3689);
#3687 = CARTESIAN_POINT('',(184.42,-63.38,1.51));
#3688 = DIRECTION('',(-0.,0.,-1.));
#3689 = DIRECTION('',(-6.394085361171E-14,-1.,0.));
#3690 = FACE_BOUND('',#3691,.T.);
#3691 = EDGE_LOOP('',(#3692));
#3692 = ORIENTED_EDGE('',*,*,#3693,.T.);
#3693 = EDGE_CURVE('',#3694,#3694,#3696,.T.);
#3694 = VERTEX_POINT('',#3695);
#3695 = CARTESIAN_POINT('',(186.96,-63.8245,1.51));
#3696 = CIRCLE('',#3697,0.4445);
#3697 = AXIS2_PLACEMENT_3D('',#3698,#3699,#3700);
#3698 = CARTESIAN_POINT('',(186.96,-63.38,1.51));
#3699 = DIRECTION('',(-0.,0.,-1.));
#3700 = DIRECTION('',(-0.,-1.,0.));
#3701 = FACE_BOUND('',#3702,.T.);
#3702 = EDGE_LOOP('',(#3703));
#3703 = ORIENTED_EDGE('',*,*,#3704,.T.);
#3704 = EDGE_CURVE('',#3705,#3705,#3707,.T.);
#3705 = VERTEX_POINT('',#3706);
#3706 = CARTESIAN_POINT('',(189.5,-63.8245,1.51));
#3707 = CIRCLE('',#3708,0.4445);
#3708 = AXIS2_PLACEMENT_3D('',#3709,#3710,#3711);
#3709 = CARTESIAN_POINT('',(189.5,-63.38,1.51));
#3710 = DIRECTION('',(-0.,0.,-1.));
#3711 = DIRECTION('',(-0.,-1.,0.));
#3712 = FACE_BOUND('',#3713,.T.);
#3713 = EDGE_LOOP('',(#3714));
#3714 = ORIENTED_EDGE('',*,*,#3715,.T.);
#3715 = EDGE_CURVE('',#3716,#3716,#3718,.T.);
#3716 = VERTEX_POINT('',#3717);
#3717 = CARTESIAN_POINT('',(192.04,-63.8245,1.51));
#3718 = CIRCLE('',#3719,0.4445);
#3719 = AXIS2_PLACEMENT_3D('',#3720,#3721,#3722);
#3720 = CARTESIAN_POINT('',(192.04,-63.38,1.51));
#3721 = DIRECTION('',(-0.,0.,-1.));
#3722 = DIRECTION('',(-0.,-1.,0.));
#3723 = PLANE('',#3724);
#3724 = AXIS2_PLACEMENT_3D('',#3725,#3726,#3727);
#3725 = CARTESIAN_POINT('',(0.,0.,1.51));
#3726 = DIRECTION('',(0.,0.,1.));
#3727 = DIRECTION('',(1.,0.,-0.));
#3728 = ADVANCED_FACE('',(#3729),#3735,.T.);
#3729 = FACE_BOUND('',#3730,.T.);
#3730 = EDGE_LOOP('',(#3731,#3732,#3733,#3734));
#3731 = ORIENTED_EDGE('',*,*,#2432,.T.);
#3732 = ORIENTED_EDGE('',*,*,#3095,.T.);
#3733 = ORIENTED_EDGE('',*,*,#2392,.F.);
#3734 = ORIENTED_EDGE('',*,*,#2456,.F.);
#3735 = PLANE('',#3736);
#3736 = AXIS2_PLACEMENT_3D('',#3737,#3738,#3739);
#3737 = CARTESIAN_POINT('',(98.5,-60.,0.));
#3738 = DIRECTION('',(0.,1.,0.));
#3739 = DIRECTION('',(1.,0.,0.));
#3740 = ADVANCED_FACE('',(#3741),#3752,.F.);
#3741 = FACE_BOUND('',#3742,.T.);
#3742 = EDGE_LOOP('',(#3743,#3744,#3750,#3751));
#3743 = ORIENTED_EDGE('',*,*,#2465,.T.);
#3744 = ORIENTED_EDGE('',*,*,#3745,.T.);
#3745 = EDGE_CURVE('',#2466,#3105,#3746,.T.);
#3746 = LINE('',#3747,#3748);
#3747 = CARTESIAN_POINT('',(104.5,-91.35,-4.6E-02));
#3748 = VECTOR('',#3749,1.);
#3749 = DIRECTION('',(0.,0.,1.));
#3750 = ORIENTED_EDGE('',*,*,#3104,.F.);
#3751 = ORIENTED_EDGE('',*,*,#3745,.F.);
#3752 = CYLINDRICAL_SURFACE('',#3753,0.85);
#3753 = AXIS2_PLACEMENT_3D('',#3754,#3755,#3756);
#3754 = CARTESIAN_POINT('',(104.5,-90.5,-4.6E-02));
#3755 = DIRECTION('',(-0.,-0.,-1.));
#3756 = DIRECTION('',(-0.,-1.,0.));
#3757 = ADVANCED_FACE('',(#3758),#3769,.F.);
#3758 = FACE_BOUND('',#3759,.T.);
#3759 = EDGE_LOOP('',(#3760,#3761,#3767,#3768));
#3760 = ORIENTED_EDGE('',*,*,#2476,.T.);
#3761 = ORIENTED_EDGE('',*,*,#3762,.T.);
#3762 = EDGE_CURVE('',#2477,#3116,#3763,.T.);
#3763 = LINE('',#3764,#3765);
#3764 = CARTESIAN_POINT('',(109.58,-92.5,-4.6E-02));
#3765 = VECTOR('',#3766,1.);
#3766 = DIRECTION('',(0.,0.,1.));
#3767 = ORIENTED_EDGE('',*,*,#3115,.F.);
#3768 = ORIENTED_EDGE('',*,*,#3762,.F.);
#3769 = CYLINDRICAL_SURFACE('',#3770,2.);
#3770 = AXIS2_PLACEMENT_3D('',#3771,#3772,#3773);
#3771 = CARTESIAN_POINT('',(109.58,-90.5,-4.6E-02));
#3772 = DIRECTION('',(-0.,-0.,-1.));
#3773 = DIRECTION('',(-0.,-1.,0.));
#3774 = ADVANCED_FACE('',(#3775),#3786,.F.);
#3775 = FACE_BOUND('',#3776,.T.);
#3776 = EDGE_LOOP('',(#3777,#3778,#3784,#3785));
#3777 = ORIENTED_EDGE('',*,*,#2487,.T.);
#3778 = ORIENTED_EDGE('',*,*,#3779,.T.);
#3779 = EDGE_CURVE('',#2488,#3127,#3780,.T.);
#3780 = LINE('',#3781,#3782);
#3781 = CARTESIAN_POINT('',(105.77,-88.71,-4.6E-02));
#3782 = VECTOR('',#3783,1.);
#3783 = DIRECTION('',(0.,0.,1.));
#3784 = ORIENTED_EDGE('',*,*,#3126,.F.);
#3785 = ORIENTED_EDGE('',*,*,#3779,.F.);
#3786 = CYLINDRICAL_SURFACE('',#3787,0.75);
#3787 = AXIS2_PLACEMENT_3D('',#3788,#3789,#3790);
#3788 = CARTESIAN_POINT('',(105.77,-87.96,-4.6E-02));
#3789 = DIRECTION('',(-0.,-0.,-1.));
#3790 = DIRECTION('',(-0.,-1.,0.));
#3791 = ADVANCED_FACE('',(#3792),#3803,.F.);
#3792 = FACE_BOUND('',#3793,.T.);
#3793 = EDGE_LOOP('',(#3794,#3795,#3801,#3802));
#3794 = ORIENTED_EDGE('',*,*,#2498,.T.);
#3795 = ORIENTED_EDGE('',*,*,#3796,.T.);
#3796 = EDGE_CURVE('',#2499,#3138,#3797,.T.);
#3797 = LINE('',#3798,#3799);
#3798 = CARTESIAN_POINT('',(114.66,-91.35,-4.6E-02));
#3799 = VECTOR('',#3800,1.);
#3800 = DIRECTION('',(0.,0.,1.));
#3801 = ORIENTED_EDGE('',*,*,#3137,.F.);
#3802 = ORIENTED_EDGE('',*,*,#3796,.F.);
#3803 = CYLINDRICAL_SURFACE('',#3804,0.85);
#3804 = AXIS2_PLACEMENT_3D('',#3805,#3806,#3807);
#3805 = CARTESIAN_POINT('',(114.66,-90.5,-4.6E-02));
#3806 = DIRECTION('',(-0.,-0.,-1.));
#3807 = DIRECTION('',(-0.,-1.,0.));
#3808 = ADVANCED_FACE('',(#3809),#3820,.F.);
#3809 = FACE_BOUND('',#3810,.T.);
#3810 = EDGE_LOOP('',(#3811,#3812,#3818,#3819));
#3811 = ORIENTED_EDGE('',*,*,#2509,.T.);
#3812 = ORIENTED_EDGE('',*,*,#3813,.T.);
#3813 = EDGE_CURVE('',#2510,#3149,#3814,.T.);
#3814 = LINE('',#3815,#3816);
#3815 = CARTESIAN_POINT('',(112.12,-86.17,-4.6E-02));
#3816 = VECTOR('',#3817,1.);
#3817 = DIRECTION('',(0.,0.,1.));
#3818 = ORIENTED_EDGE('',*,*,#3148,.F.);
#3819 = ORIENTED_EDGE('',*,*,#3813,.F.);
#3820 = CYLINDRICAL_SURFACE('',#3821,0.75);
#3821 = AXIS2_PLACEMENT_3D('',#3822,#3823,#3824);
#3822 = CARTESIAN_POINT('',(112.12,-85.42,-4.6E-02));
#3823 = DIRECTION('',(-0.,-0.,-1.));
#3824 = DIRECTION('',(-0.,-1.,0.));
#3825 = ADVANCED_FACE('',(#3826),#3837,.F.);
#3826 = FACE_BOUND('',#3827,.T.);
#3827 = EDGE_LOOP('',(#3828,#3829,#3835,#3836));
#3828 = ORIENTED_EDGE('',*,*,#2520,.T.);
#3829 = ORIENTED_EDGE('',*,*,#3830,.T.);
#3830 = EDGE_CURVE('',#2521,#3160,#3831,.T.);
#3831 = LINE('',#3832,#3833);
#3832 = CARTESIAN_POINT('',(123.5,-91.35,-4.6E-02));
#3833 = VECTOR('',#3834,1.);
#3834 = DIRECTION('',(0.,0.,1.));
#3835 = ORIENTED_EDGE('',*,*,#3159,.F.);
#3836 = ORIENTED_EDGE('',*,*,#3830,.F.);
#3837 = CYLINDRICAL_SURFACE('',#3838,0.85);
#3838 = AXIS2_PLACEMENT_3D('',#3839,#3840,#3841);
#3839 = CARTESIAN_POINT('',(123.5,-90.5,-4.6E-02));
#3840 = DIRECTION('',(-0.,-0.,-1.));
#3841 = DIRECTION('',(-0.,-1.,0.));
#3842 = ADVANCED_FACE('',(#3843),#3854,.F.);
#3843 = FACE_BOUND('',#3844,.T.);
#3844 = EDGE_LOOP('',(#3845,#3846,#3852,#3853));
#3845 = ORIENTED_EDGE('',*,*,#2531,.T.);
#3846 = ORIENTED_EDGE('',*,*,#3847,.T.);
#3847 = EDGE_CURVE('',#2532,#3171,#3848,.T.);
#3848 = LINE('',#3849,#3850);
#3849 = CARTESIAN_POINT('',(128.58,-92.5,-4.6E-02));
#3850 = VECTOR('',#3851,1.);
#3851 = DIRECTION('',(0.,0.,1.));
#3852 = ORIENTED_EDGE('',*,*,#3170,.F.);
#3853 = ORIENTED_EDGE('',*,*,#3847,.F.);
#3854 = CYLINDRICAL_SURFACE('',#3855,2.);
#3855 = AXIS2_PLACEMENT_3D('',#3856,#3857,#3858);
#3856 = CARTESIAN_POINT('',(128.58,-90.5,-4.6E-02));
#3857 = DIRECTION('',(-0.,-0.,-1.));
#3858 = DIRECTION('',(-0.,-1.,0.));
#3859 = ADVANCED_FACE('',(#3860),#3871,.F.);
#3860 = FACE_BOUND('',#3861,.T.);
#3861 = EDGE_LOOP('',(#3862,#3863,#3869,#3870));
#3862 = ORIENTED_EDGE('',*,*,#2542,.T.);
#3863 = ORIENTED_EDGE('',*,*,#3864,.T.);
#3864 = EDGE_CURVE('',#2543,#3182,#3865,.T.);
#3865 = LINE('',#3866,#3867);
#3866 = CARTESIAN_POINT('',(133.66,-91.35,-4.6E-02));
#3867 = VECTOR('',#3868,1.);
#3868 = DIRECTION('',(0.,0.,1.));
#3869 = ORIENTED_EDGE('',*,*,#3181,.F.);
#3870 = ORIENTED_EDGE('',*,*,#3864,.F.);
#3871 = CYLINDRICAL_SURFACE('',#3872,0.85);
#3872 = AXIS2_PLACEMENT_3D('',#3873,#3874,#3875);
#3873 = CARTESIAN_POINT('',(133.66,-90.5,-4.6E-02));
#3874 = DIRECTION('',(-0.,-0.,-1.));
#3875 = DIRECTION('',(-0.,-1.,0.));
#3876 = ADVANCED_FACE('',(#3877),#3888,.F.);
#3877 = FACE_BOUND('',#3878,.T.);
#3878 = EDGE_LOOP('',(#3879,#3880,#3886,#3887));
#3879 = ORIENTED_EDGE('',*,*,#2553,.T.);
#3880 = ORIENTED_EDGE('',*,*,#3881,.T.);
#3881 = EDGE_CURVE('',#2554,#3193,#3882,.T.);
#3882 = LINE('',#3883,#3884);
#3883 = CARTESIAN_POINT('',(124.77,-88.71,-4.6E-02));
#3884 = VECTOR('',#3885,1.);
#3885 = DIRECTION('',(0.,0.,1.));
#3886 = ORIENTED_EDGE('',*,*,#3192,.F.);
#3887 = ORIENTED_EDGE('',*,*,#3881,.F.);
#3888 = CYLINDRICAL_SURFACE('',#3889,0.75);
#3889 = AXIS2_PLACEMENT_3D('',#3890,#3891,#3892);
#3890 = CARTESIAN_POINT('',(124.77,-87.96,-4.6E-02));
#3891 = DIRECTION('',(-0.,-0.,-1.));
#3892 = DIRECTION('',(-0.,-1.,0.));
#3893 = ADVANCED_FACE('',(#3894),#3905,.F.);
#3894 = FACE_BOUND('',#3895,.T.);
#3895 = EDGE_LOOP('',(#3896,#3897,#3903,#3904));
#3896 = ORIENTED_EDGE('',*,*,#2564,.T.);
#3897 = ORIENTED_EDGE('',*,*,#3898,.T.);
#3898 = EDGE_CURVE('',#2565,#3204,#3899,.T.);
#3899 = LINE('',#3900,#3901);
#3900 = CARTESIAN_POINT('',(142.5,-91.35,-4.6E-02));
#3901 = VECTOR('',#3902,1.);
#3902 = DIRECTION('',(0.,0.,1.));
#3903 = ORIENTED_EDGE('',*,*,#3203,.F.);
#3904 = ORIENTED_EDGE('',*,*,#3898,.F.);
#3905 = CYLINDRICAL_SURFACE('',#3906,0.85);
#3906 = AXIS2_PLACEMENT_3D('',#3907,#3908,#3909);
#3907 = CARTESIAN_POINT('',(142.5,-90.5,-4.6E-02));
#3908 = DIRECTION('',(-0.,-0.,-1.));
#3909 = DIRECTION('',(-0.,-1.,0.));
#3910 = ADVANCED_FACE('',(#3911),#3922,.F.);
#3911 = FACE_BOUND('',#3912,.T.);
#3912 = EDGE_LOOP('',(#3913,#3914,#3920,#3921));
#3913 = ORIENTED_EDGE('',*,*,#2575,.T.);
#3914 = ORIENTED_EDGE('',*,*,#3915,.T.);
#3915 = EDGE_CURVE('',#2576,#3215,#3916,.T.);
#3916 = LINE('',#3917,#3918);
#3917 = CARTESIAN_POINT('',(147.58,-92.5,-4.6E-02));
#3918 = VECTOR('',#3919,1.);
#3919 = DIRECTION('',(0.,0.,1.));
#3920 = ORIENTED_EDGE('',*,*,#3214,.F.);
#3921 = ORIENTED_EDGE('',*,*,#3915,.F.);
#3922 = CYLINDRICAL_SURFACE('',#3923,2.);
#3923 = AXIS2_PLACEMENT_3D('',#3924,#3925,#3926);
#3924 = CARTESIAN_POINT('',(147.58,-90.5,-4.6E-02));
#3925 = DIRECTION('',(-0.,-0.,-1.));
#3926 = DIRECTION('',(-0.,-1.,0.));
#3927 = ADVANCED_FACE('',(#3928),#3939,.F.);
#3928 = FACE_BOUND('',#3929,.T.);
#3929 = EDGE_LOOP('',(#3930,#3931,#3937,#3938));
#3930 = ORIENTED_EDGE('',*,*,#2586,.T.);
#3931 = ORIENTED_EDGE('',*,*,#3932,.T.);
#3932 = EDGE_CURVE('',#2587,#3226,#3933,.T.);
#3933 = LINE('',#3934,#3935);
#3934 = CARTESIAN_POINT('',(143.77,-88.71,-4.6E-02));
#3935 = VECTOR('',#3936,1.);
#3936 = DIRECTION('',(0.,0.,1.));
#3937 = ORIENTED_EDGE('',*,*,#3225,.F.);
#3938 = ORIENTED_EDGE('',*,*,#3932,.F.);
#3939 = CYLINDRICAL_SURFACE('',#3940,0.75);
#3940 = AXIS2_PLACEMENT_3D('',#3941,#3942,#3943);
#3941 = CARTESIAN_POINT('',(143.77,-87.96,-4.6E-02));
#3942 = DIRECTION('',(-0.,-0.,-1.));
#3943 = DIRECTION('',(-0.,-1.,0.));
#3944 = ADVANCED_FACE('',(#3945),#3956,.F.);
#3945 = FACE_BOUND('',#3946,.T.);
#3946 = EDGE_LOOP('',(#3947,#3948,#3954,#3955));
#3947 = ORIENTED_EDGE('',*,*,#2597,.T.);
#3948 = ORIENTED_EDGE('',*,*,#3949,.T.);
#3949 = EDGE_CURVE('',#2598,#3237,#3950,.T.);
#3950 = LINE('',#3951,#3952);
#3951 = CARTESIAN_POINT('',(131.12,-86.17,-4.6E-02));
#3952 = VECTOR('',#3953,1.);
#3953 = DIRECTION('',(0.,0.,1.));
#3954 = ORIENTED_EDGE('',*,*,#3236,.F.);
#3955 = ORIENTED_EDGE('',*,*,#3949,.F.);
#3956 = CYLINDRICAL_SURFACE('',#3957,0.75);
#3957 = AXIS2_PLACEMENT_3D('',#3958,#3959,#3960);
#3958 = CARTESIAN_POINT('',(131.12,-85.42,-4.6E-02));
#3959 = DIRECTION('',(-0.,-0.,-1.));
#3960 = DIRECTION('',(-0.,-1.,0.));
#3961 = ADVANCED_FACE('',(#3962),#3973,.F.);
#3962 = FACE_BOUND('',#3963,.T.);
#3963 = EDGE_LOOP('',(#3964,#3970,#3971,#3972));
#3964 = ORIENTED_EDGE('',*,*,#3965,.T.);
#3965 = EDGE_CURVE('',#2609,#3248,#3966,.T.);
#3966 = LINE('',#3967,#3968);
#3967 = CARTESIAN_POINT('',(196.5,-100.5,0.));
#3968 = VECTOR('',#3969,1.);
#3969 = DIRECTION('',(0.,0.,1.));
#3970 = ORIENTED_EDGE('',*,*,#3247,.T.);
#3971 = ORIENTED_EDGE('',*,*,#3965,.F.);
#3972 = ORIENTED_EDGE('',*,*,#2608,.F.);
#3973 = CYLINDRICAL_SURFACE('',#3974,0.5);
#3974 = AXIS2_PLACEMENT_3D('',#3975,#3976,#3977);
#3975 = CARTESIAN_POINT('',(196.,-100.5,0.));
#3976 = DIRECTION('',(-0.,-0.,-1.));
#3977 = DIRECTION('',(1.,0.,-0.));
#3978 = ADVANCED_FACE('',(#3979),#3990,.F.);
#3979 = FACE_BOUND('',#3980,.T.);
#3980 = EDGE_LOOP('',(#3981,#3982,#3988,#3989));
#3981 = ORIENTED_EDGE('',*,*,#2619,.T.);
#3982 = ORIENTED_EDGE('',*,*,#3983,.T.);
#3983 = EDGE_CURVE('',#2620,#3259,#3984,.T.);
#3984 = LINE('',#3985,#3986);
#3985 = CARTESIAN_POINT('',(152.66,-91.35,-4.6E-02));
#3986 = VECTOR('',#3987,1.);
#3987 = DIRECTION('',(0.,0.,1.));
#3988 = ORIENTED_EDGE('',*,*,#3258,.F.);
#3989 = ORIENTED_EDGE('',*,*,#3983,.F.);
#3990 = CYLINDRICAL_SURFACE('',#3991,0.85);
#3991 = AXIS2_PLACEMENT_3D('',#3992,#3993,#3994);
#3992 = CARTESIAN_POINT('',(152.66,-90.5,-4.6E-02));
#3993 = DIRECTION('',(-0.,-0.,-1.));
#3994 = DIRECTION('',(-0.,-1.,0.));
#3995 = ADVANCED_FACE('',(#3996),#4007,.F.);
#3996 = FACE_BOUND('',#3997,.T.);
#3997 = EDGE_LOOP('',(#3998,#3999,#4005,#4006));
#3998 = ORIENTED_EDGE('',*,*,#2630,.T.);
#3999 = ORIENTED_EDGE('',*,*,#4000,.T.);
#4000 = EDGE_CURVE('',#2631,#3270,#4001,.T.);
#4001 = LINE('',#4002,#4003);
#4002 = CARTESIAN_POINT('',(161.5,-91.35,-4.6E-02));
#4003 = VECTOR('',#4004,1.);
#4004 = DIRECTION('',(0.,0.,1.));
#4005 = ORIENTED_EDGE('',*,*,#3269,.F.);
#4006 = ORIENTED_EDGE('',*,*,#4000,.F.);
#4007 = CYLINDRICAL_SURFACE('',#4008,0.85);
#4008 = AXIS2_PLACEMENT_3D('',#4009,#4010,#4011);
#4009 = CARTESIAN_POINT('',(161.5,-90.5,-4.6E-02));
#4010 = DIRECTION('',(-0.,-0.,-1.));
#4011 = DIRECTION('',(-0.,-1.,0.));
#4012 = ADVANCED_FACE('',(#4013),#4024,.F.);
#4013 = FACE_BOUND('',#4014,.T.);
#4014 = EDGE_LOOP('',(#4015,#4016,#4022,#4023));
#4015 = ORIENTED_EDGE('',*,*,#2641,.T.);
#4016 = ORIENTED_EDGE('',*,*,#4017,.T.);
#4017 = EDGE_CURVE('',#2642,#3281,#4018,.T.);
#4018 = LINE('',#4019,#4020);
#4019 = CARTESIAN_POINT('',(166.58,-92.5,-4.6E-02));
#4020 = VECTOR('',#4021,1.);
#4021 = DIRECTION('',(0.,0.,1.));
#4022 = ORIENTED_EDGE('',*,*,#3280,.F.);
#4023 = ORIENTED_EDGE('',*,*,#4017,.F.);
#4024 = CYLINDRICAL_SURFACE('',#4025,2.);
#4025 = AXIS2_PLACEMENT_3D('',#4026,#4027,#4028);
#4026 = CARTESIAN_POINT('',(166.58,-90.5,-4.6E-02));
#4027 = DIRECTION('',(-0.,-0.,-1.));
#4028 = DIRECTION('',(-0.,-1.,0.));
#4029 = ADVANCED_FACE('',(#4030),#4041,.F.);
#4030 = FACE_BOUND('',#4031,.T.);
#4031 = EDGE_LOOP('',(#4032,#4033,#4039,#4040));
#4032 = ORIENTED_EDGE('',*,*,#2652,.T.);
#4033 = ORIENTED_EDGE('',*,*,#4034,.T.);
#4034 = EDGE_CURVE('',#2653,#3292,#4035,.T.);
#4035 = LINE('',#4036,#4037);
#4036 = CARTESIAN_POINT('',(171.66,-91.35,-4.6E-02));
#4037 = VECTOR('',#4038,1.);
#4038 = DIRECTION('',(0.,0.,1.));
#4039 = ORIENTED_EDGE('',*,*,#3291,.F.);
#4040 = ORIENTED_EDGE('',*,*,#4034,.F.);
#4041 = CYLINDRICAL_SURFACE('',#4042,0.85);
#4042 = AXIS2_PLACEMENT_3D('',#4043,#4044,#4045);
#4043 = CARTESIAN_POINT('',(171.66,-90.5,-4.6E-02));
#4044 = DIRECTION('',(-0.,-0.,-1.));
#4045 = DIRECTION('',(-0.,-1.,0.));
#4046 = ADVANCED_FACE('',(#4047),#4058,.F.);
#4047 = FACE_BOUND('',#4048,.T.);
#4048 = EDGE_LOOP('',(#4049,#4050,#4056,#4057));
#4049 = ORIENTED_EDGE('',*,*,#2663,.T.);
#4050 = ORIENTED_EDGE('',*,*,#4051,.T.);
#4051 = EDGE_CURVE('',#2664,#3303,#4052,.T.);
#4052 = LINE('',#4053,#4054);
#4053 = CARTESIAN_POINT('',(162.77,-88.71,-4.6E-02));
#4054 = VECTOR('',#4055,1.);
#4055 = DIRECTION('',(0.,0.,1.));
#4056 = ORIENTED_EDGE('',*,*,#3302,.F.);
#4057 = ORIENTED_EDGE('',*,*,#4051,.F.);
#4058 = CYLINDRICAL_SURFACE('',#4059,0.75);
#4059 = AXIS2_PLACEMENT_3D('',#4060,#4061,#4062);
#4060 = CARTESIAN_POINT('',(162.77,-87.96,-4.6E-02));
#4061 = DIRECTION('',(-0.,-0.,-1.));
#4062 = DIRECTION('',(-0.,-1.,0.));
#4063 = ADVANCED_FACE('',(#4064),#4075,.F.);
#4064 = FACE_BOUND('',#4065,.T.);
#4065 = EDGE_LOOP('',(#4066,#4067,#4073,#4074));
#4066 = ORIENTED_EDGE('',*,*,#2674,.T.);
#4067 = ORIENTED_EDGE('',*,*,#4068,.T.);
#4068 = EDGE_CURVE('',#2675,#3314,#4069,.T.);
#4069 = LINE('',#4070,#4071);
#4070 = CARTESIAN_POINT('',(150.12,-86.17,-4.6E-02));
#4071 = VECTOR('',#4072,1.);
#4072 = DIRECTION('',(0.,0.,1.));
#4073 = ORIENTED_EDGE('',*,*,#3313,.F.);
#4074 = ORIENTED_EDGE('',*,*,#4068,.F.);
#4075 = CYLINDRICAL_SURFACE('',#4076,0.75);
#4076 = AXIS2_PLACEMENT_3D('',#4077,#4078,#4079);
#4077 = CARTESIAN_POINT('',(150.12,-85.42,-4.6E-02));
#4078 = DIRECTION('',(-0.,-0.,-1.));
#4079 = DIRECTION('',(-0.,-1.,0.));
#4080 = ADVANCED_FACE('',(#4081),#4092,.F.);
#4081 = FACE_BOUND('',#4082,.T.);
#4082 = EDGE_LOOP('',(#4083,#4084,#4090,#4091));
#4083 = ORIENTED_EDGE('',*,*,#2685,.T.);
#4084 = ORIENTED_EDGE('',*,*,#4085,.T.);
#4085 = EDGE_CURVE('',#2686,#3325,#4086,.T.);
#4086 = LINE('',#4087,#4088);
#4087 = CARTESIAN_POINT('',(169.12,-86.17,-4.6E-02));
#4088 = VECTOR('',#4089,1.);
#4089 = DIRECTION('',(0.,0.,1.));
#4090 = ORIENTED_EDGE('',*,*,#3324,.F.);
#4091 = ORIENTED_EDGE('',*,*,#4085,.F.);
#4092 = CYLINDRICAL_SURFACE('',#4093,0.75);
#4093 = AXIS2_PLACEMENT_3D('',#4094,#4095,#4096);
#4094 = CARTESIAN_POINT('',(169.12,-85.42,-4.6E-02));
#4095 = DIRECTION('',(-0.,-0.,-1.));
#4096 = DIRECTION('',(-0.,-1.,0.));
#4097 = ADVANCED_FACE('',(#4098),#4109,.F.);
#4098 = FACE_BOUND('',#4099,.T.);
#4099 = EDGE_LOOP('',(#4100,#4101,#4107,#4108));
#4100 = ORIENTED_EDGE('',*,*,#2696,.T.);
#4101 = ORIENTED_EDGE('',*,*,#4102,.T.);
#4102 = EDGE_CURVE('',#2697,#3336,#4103,.T.);
#4103 = LINE('',#4104,#4105);
#4104 = CARTESIAN_POINT('',(180.5,-91.35,-4.6E-02));
#4105 = VECTOR('',#4106,1.);
#4106 = DIRECTION('',(0.,0.,1.));
#4107 = ORIENTED_EDGE('',*,*,#3335,.F.);
#4108 = ORIENTED_EDGE('',*,*,#4102,.F.);
#4109 = CYLINDRICAL_SURFACE('',#4110,0.85);
#4110 = AXIS2_PLACEMENT_3D('',#4111,#4112,#4113);
#4111 = CARTESIAN_POINT('',(180.5,-90.5,-4.6E-02));
#4112 = DIRECTION('',(-0.,-0.,-1.));
#4113 = DIRECTION('',(-0.,-1.,0.));
#4114 = ADVANCED_FACE('',(#4115),#4126,.F.);
#4115 = FACE_BOUND('',#4116,.T.);
#4116 = EDGE_LOOP('',(#4117,#4118,#4124,#4125));
#4117 = ORIENTED_EDGE('',*,*,#2707,.T.);
#4118 = ORIENTED_EDGE('',*,*,#4119,.T.);
#4119 = EDGE_CURVE('',#2708,#3347,#4120,.T.);
#4120 = LINE('',#4121,#4122);
#4121 = CARTESIAN_POINT('',(181.77,-88.71,-4.6E-02));
#4122 = VECTOR('',#4123,1.);
#4123 = DIRECTION('',(0.,0.,1.));
#4124 = ORIENTED_EDGE('',*,*,#3346,.F.);
#4125 = ORIENTED_EDGE('',*,*,#4119,.F.);
#4126 = CYLINDRICAL_SURFACE('',#4127,0.75);
#4127 = AXIS2_PLACEMENT_3D('',#4128,#4129,#4130);
#4128 = CARTESIAN_POINT('',(181.77,-87.96,-4.6E-02));
#4129 = DIRECTION('',(-0.,-0.,-1.));
#4130 = DIRECTION('',(-0.,-1.,0.));
#4131 = ADVANCED_FACE('',(#4132),#4143,.F.);
#4132 = FACE_BOUND('',#4133,.T.);
#4133 = EDGE_LOOP('',(#4134,#4135,#4141,#4142));
#4134 = ORIENTED_EDGE('',*,*,#2718,.T.);
#4135 = ORIENTED_EDGE('',*,*,#4136,.T.);
#4136 = EDGE_CURVE('',#2719,#3358,#4137,.T.);
#4137 = LINE('',#4138,#4139);
#4138 = CARTESIAN_POINT('',(185.58,-92.5,-4.6E-02));
#4139 = VECTOR('',#4140,1.);
#4140 = DIRECTION('',(0.,0.,1.));
#4141 = ORIENTED_EDGE('',*,*,#3357,.F.);
#4142 = ORIENTED_EDGE('',*,*,#4136,.F.);
#4143 = CYLINDRICAL_SURFACE('',#4144,2.);
#4144 = AXIS2_PLACEMENT_3D('',#4145,#4146,#4147);
#4145 = CARTESIAN_POINT('',(185.58,-90.5,-4.6E-02));
#4146 = DIRECTION('',(-0.,-0.,-1.));
#4147 = DIRECTION('',(-0.,-1.,0.));
#4148 = ADVANCED_FACE('',(#4149),#4160,.F.);
#4149 = FACE_BOUND('',#4150,.T.);
#4150 = EDGE_LOOP('',(#4151,#4152,#4158,#4159));
#4151 = ORIENTED_EDGE('',*,*,#2729,.T.);
#4152 = ORIENTED_EDGE('',*,*,#4153,.T.);
#4153 = EDGE_CURVE('',#2730,#3369,#4154,.T.);
#4154 = LINE('',#4155,#4156);
#4155 = CARTESIAN_POINT('',(190.66,-91.35,-4.6E-02));
#4156 = VECTOR('',#4157,1.);
#4157 = DIRECTION('',(0.,0.,1.));
#4158 = ORIENTED_EDGE('',*,*,#3368,.F.);
#4159 = ORIENTED_EDGE('',*,*,#4153,.F.);
#4160 = CYLINDRICAL_SURFACE('',#4161,0.85);
#4161 = AXIS2_PLACEMENT_3D('',#4162,#4163,#4164);
#4162 = CARTESIAN_POINT('',(190.66,-90.5,-4.6E-02));
#4163 = DIRECTION('',(-0.,-0.,-1.));
#4164 = DIRECTION('',(-0.,-1.,0.));
#4165 = ADVANCED_FACE('',(#4166),#4177,.F.);
#4166 = FACE_BOUND('',#4167,.T.);
#4167 = EDGE_LOOP('',(#4168,#4169,#4175,#4176));
#4168 = ORIENTED_EDGE('',*,*,#2740,.T.);
#4169 = ORIENTED_EDGE('',*,*,#4170,.T.);
#4170 = EDGE_CURVE('',#2741,#3380,#4171,.T.);
#4171 = LINE('',#4172,#4173);
#4172 = CARTESIAN_POINT('',(188.12,-86.17,-4.6E-02));
#4173 = VECTOR('',#4174,1.);
#4174 = DIRECTION('',(0.,0.,1.));
#4175 = ORIENTED_EDGE('',*,*,#3379,.F.);
#4176 = ORIENTED_EDGE('',*,*,#4170,.F.);
#4177 = CYLINDRICAL_SURFACE('',#4178,0.75);
#4178 = AXIS2_PLACEMENT_3D('',#4179,#4180,#4181);
#4179 = CARTESIAN_POINT('',(188.12,-85.42,-4.6E-02));
#4180 = DIRECTION('',(-0.,-0.,-1.));
#4181 = DIRECTION('',(-0.,-1.,0.));
#4182 = ADVANCED_FACE('',(#4183),#4194,.F.);
#4183 = FACE_BOUND('',#4184,.T.);
#4184 = EDGE_LOOP('',(#4185,#4186,#4192,#4193));
#4185 = ORIENTED_EDGE('',*,*,#2751,.T.);
#4186 = ORIENTED_EDGE('',*,*,#4187,.T.);
#4187 = EDGE_CURVE('',#2752,#3391,#4188,.T.);
#4188 = LINE('',#4189,#4190);
#4189 = CARTESIAN_POINT('',(102.,-75.81,-4.6E-02));
#4190 = VECTOR('',#4191,1.);
#4191 = DIRECTION('',(0.,0.,1.));
#4192 = ORIENTED_EDGE('',*,*,#3390,.F.);
#4193 = ORIENTED_EDGE('',*,*,#4187,.F.);
#4194 = CYLINDRICAL_SURFACE('',#4195,0.5);
#4195 = AXIS2_PLACEMENT_3D('',#4196,#4197,#4198);
#4196 = CARTESIAN_POINT('',(102.,-75.31,-4.6E-02));
#4197 = DIRECTION('',(-0.,-0.,-1.));
#4198 = DIRECTION('',(-0.,-1.,0.));
#4199 = ADVANCED_FACE('',(#4200),#4211,.F.);
#4200 = FACE_BOUND('',#4201,.T.);
#4201 = EDGE_LOOP('',(#4202,#4203,#4209,#4210));
#4202 = ORIENTED_EDGE('',*,*,#2762,.T.);
#4203 = ORIENTED_EDGE('',*,*,#4204,.T.);
#4204 = EDGE_CURVE('',#2763,#3402,#4205,.T.);
#4205 = LINE('',#4206,#4207);
#4206 = CARTESIAN_POINT('',(102.,-73.27,-4.6E-02));
#4207 = VECTOR('',#4208,1.);
#4208 = DIRECTION('',(0.,0.,1.));
#4209 = ORIENTED_EDGE('',*,*,#3401,.F.);
#4210 = ORIENTED_EDGE('',*,*,#4204,.F.);
#4211 = CYLINDRICAL_SURFACE('',#4212,0.5);
#4212 = AXIS2_PLACEMENT_3D('',#4213,#4214,#4215);
#4213 = CARTESIAN_POINT('',(102.,-72.77,-4.6E-02));
#4214 = DIRECTION('',(-0.,-0.,-1.));
#4215 = DIRECTION('',(-0.,-1.,0.));
#4216 = ADVANCED_FACE('',(#4217),#4228,.F.);
#4217 = FACE_BOUND('',#4218,.T.);
#4218 = EDGE_LOOP('',(#4219,#4220,#4226,#4227));
#4219 = ORIENTED_EDGE('',*,*,#2773,.T.);
#4220 = ORIENTED_EDGE('',*,*,#4221,.T.);
#4221 = EDGE_CURVE('',#2774,#3413,#4222,.T.);
#4222 = LINE('',#4223,#4224);
#4223 = CARTESIAN_POINT('',(140.5,-74.5,-4.6E-02));
#4224 = VECTOR('',#4225,1.);
#4225 = DIRECTION('',(0.,0.,1.));
#4226 = ORIENTED_EDGE('',*,*,#3412,.F.);
#4227 = ORIENTED_EDGE('',*,*,#4221,.F.);
#4228 = CYLINDRICAL_SURFACE('',#4229,0.5);
#4229 = AXIS2_PLACEMENT_3D('',#4230,#4231,#4232);
#4230 = CARTESIAN_POINT('',(140.5,-74.,-4.6E-02));
#4231 = DIRECTION('',(-0.,-0.,-1.));
#4232 = DIRECTION('',(-0.,-1.,0.));
#4233 = ADVANCED_FACE('',(#4234),#4245,.F.);
#4234 = FACE_BOUND('',#4235,.T.);
#4235 = EDGE_LOOP('',(#4236,#4237,#4243,#4244));
#4236 = ORIENTED_EDGE('',*,*,#2784,.T.);
#4237 = ORIENTED_EDGE('',*,*,#4238,.T.);
#4238 = EDGE_CURVE('',#2785,#3424,#4239,.T.);
#4239 = LINE('',#4240,#4241);
#4240 = CARTESIAN_POINT('',(140.5,-72.,-4.6E-02));
#4241 = VECTOR('',#4242,1.);
#4242 = DIRECTION('',(0.,0.,1.));
#4243 = ORIENTED_EDGE('',*,*,#3423,.F.);
#4244 = ORIENTED_EDGE('',*,*,#4238,.F.);
#4245 = CYLINDRICAL_SURFACE('',#4246,0.5);
#4246 = AXIS2_PLACEMENT_3D('',#4247,#4248,#4249);
#4247 = CARTESIAN_POINT('',(140.5,-71.5,-4.6E-02));
#4248 = DIRECTION('',(-0.,-0.,-1.));
#4249 = DIRECTION('',(-0.,-1.,0.));
#4250 = ADVANCED_FACE('',(#4251),#4262,.F.);
#4251 = FACE_BOUND('',#4252,.T.);
#4252 = EDGE_LOOP('',(#4253,#4254,#4260,#4261));
#4253 = ORIENTED_EDGE('',*,*,#2795,.T.);
#4254 = ORIENTED_EDGE('',*,*,#4255,.T.);
#4255 = EDGE_CURVE('',#2796,#3435,#4256,.T.);
#4256 = LINE('',#4257,#4258);
#4257 = CARTESIAN_POINT('',(102.,-70.73,-4.6E-02));
#4258 = VECTOR('',#4259,1.);
#4259 = DIRECTION('',(0.,0.,1.));
#4260 = ORIENTED_EDGE('',*,*,#3434,.F.);
#4261 = ORIENTED_EDGE('',*,*,#4255,.F.);
#4262 = CYLINDRICAL_SURFACE('',#4263,0.5);
#4263 = AXIS2_PLACEMENT_3D('',#4264,#4265,#4266);
#4264 = CARTESIAN_POINT('',(102.,-70.23,-4.6E-02));
#4265 = DIRECTION('',(-0.,-0.,-1.));
#4266 = DIRECTION('',(-0.,-1.,0.));
#4267 = ADVANCED_FACE('',(#4268),#4279,.F.);
#4268 = FACE_BOUND('',#4269,.T.);
#4269 = EDGE_LOOP('',(#4270,#4271,#4277,#4278));
#4270 = ORIENTED_EDGE('',*,*,#2806,.T.);
#4271 = ORIENTED_EDGE('',*,*,#4272,.T.);
#4272 = EDGE_CURVE('',#2807,#3446,#4273,.T.);
#4273 = LINE('',#4274,#4275);
#4274 = CARTESIAN_POINT('',(102.,-68.19,-4.6E-02));
#4275 = VECTOR('',#4276,1.);
#4276 = DIRECTION('',(0.,0.,1.));
#4277 = ORIENTED_EDGE('',*,*,#3445,.F.);
#4278 = ORIENTED_EDGE('',*,*,#4272,.F.);
#4279 = CYLINDRICAL_SURFACE('',#4280,0.5);
#4280 = AXIS2_PLACEMENT_3D('',#4281,#4282,#4283);
#4281 = CARTESIAN_POINT('',(102.,-67.69,-4.6E-02));
#4282 = DIRECTION('',(-0.,-0.,-1.));
#4283 = DIRECTION('',(-0.,-1.,0.));
#4284 = ADVANCED_FACE('',(#4285),#4296,.F.);
#4285 = FACE_BOUND('',#4286,.T.);
#4286 = EDGE_LOOP('',(#4287,#4293,#4294,#4295));
#4287 = ORIENTED_EDGE('',*,*,#4288,.T.);
#4288 = EDGE_CURVE('',#2818,#3457,#4289,.T.);
#4289 = LINE('',#4290,#4291);
#4290 = CARTESIAN_POINT('',(100.,-61.,0.));
#4291 = VECTOR('',#4292,1.);
#4292 = DIRECTION('',(0.,0.,1.));
#4293 = ORIENTED_EDGE('',*,*,#3456,.T.);
#4294 = ORIENTED_EDGE('',*,*,#4288,.F.);
#4295 = ORIENTED_EDGE('',*,*,#2817,.F.);
#4296 = CYLINDRICAL_SURFACE('',#4297,0.5);
#4297 = AXIS2_PLACEMENT_3D('',#4298,#4299,#4300);
#4298 = CARTESIAN_POINT('',(99.5,-61.,0.));
#4299 = DIRECTION('',(-0.,-0.,-1.));
#4300 = DIRECTION('',(1.,0.,-0.));
#4301 = ADVANCED_FACE('',(#4302),#4313,.F.);
#4302 = FACE_BOUND('',#4303,.T.);
#4303 = EDGE_LOOP('',(#4304,#4305,#4311,#4312));
#4304 = ORIENTED_EDGE('',*,*,#2828,.T.);
#4305 = ORIENTED_EDGE('',*,*,#4306,.T.);
#4306 = EDGE_CURVE('',#2829,#3468,#4307,.T.);
#4307 = LINE('',#4308,#4309);
#4308 = CARTESIAN_POINT('',(140.5,-69.5,-4.6E-02));
#4309 = VECTOR('',#4310,1.);
#4310 = DIRECTION('',(0.,0.,1.));
#4311 = ORIENTED_EDGE('',*,*,#3467,.F.);
#4312 = ORIENTED_EDGE('',*,*,#4306,.F.);
#4313 = CYLINDRICAL_SURFACE('',#4314,0.5);
#4314 = AXIS2_PLACEMENT_3D('',#4315,#4316,#4317);
#4315 = CARTESIAN_POINT('',(140.5,-69.,-4.6E-02));
#4316 = DIRECTION('',(-0.,-0.,-1.));
#4317 = DIRECTION('',(-0.,-1.,0.));
#4318 = ADVANCED_FACE('',(#4319),#4335,.F.);
#4319 = FACE_BOUND('',#4320,.T.);
#4320 = EDGE_LOOP('',(#4321,#4322,#4328,#4329));
#4321 = ORIENTED_EDGE('',*,*,#2839,.T.);
#4322 = ORIENTED_EDGE('',*,*,#4323,.T.);
#4323 = EDGE_CURVE('',#2842,#3481,#4324,.T.);
#4324 = LINE('',#4325,#4326);
#4325 = CARTESIAN_POINT('',(148.65,-77.85,-4.6E-02));
#4326 = VECTOR('',#4327,1.);
#4327 = DIRECTION('',(0.,0.,1.));
#4328 = ORIENTED_EDGE('',*,*,#3478,.F.);
#4329 = ORIENTED_EDGE('',*,*,#4330,.F.);
#4330 = EDGE_CURVE('',#2840,#3479,#4331,.T.);
#4331 = LINE('',#4332,#4333);
#4332 = CARTESIAN_POINT('',(148.65,-76.35,-4.6E-02));
#4333 = VECTOR('',#4334,1.);
#4334 = DIRECTION('',(0.,0.,1.));
#4335 = CYLINDRICAL_SURFACE('',#4336,0.75);
#4336 = AXIS2_PLACEMENT_3D('',#4337,#4338,#4339);
#4337 = CARTESIAN_POINT('',(148.65,-77.1,-4.6E-02));
#4338 = DIRECTION('',(-0.,-0.,-1.));
#4339 = DIRECTION('',(-0.,-1.,0.));
#4340 = ADVANCED_FACE('',(#4341),#4352,.T.);
#4341 = FACE_BOUND('',#4342,.T.);
#4342 = EDGE_LOOP('',(#4343,#4344,#4345,#4346));
#4343 = ORIENTED_EDGE('',*,*,#2867,.T.);
#4344 = ORIENTED_EDGE('',*,*,#4330,.T.);
#4345 = ORIENTED_EDGE('',*,*,#3506,.F.);
#4346 = ORIENTED_EDGE('',*,*,#4347,.F.);
#4347 = EDGE_CURVE('',#2859,#3498,#4348,.T.);
#4348 = LINE('',#4349,#4350);
#4349 = CARTESIAN_POINT('',(147.35,-76.35,-4.6E-02));
#4350 = VECTOR('',#4351,1.);
#4351 = DIRECTION('',(0.,0.,1.));
#4352 = PLANE('',#4353);
#4353 = AXIS2_PLACEMENT_3D('',#4354,#4355,#4356);
#4354 = CARTESIAN_POINT('',(148.65,-76.35,-4.6E-02));
#4355 = DIRECTION('',(0.,-1.,0.));
#4356 = DIRECTION('',(-1.,0.,0.));
#4357 = ADVANCED_FACE('',(#4358),#4369,.F.);
#4358 = FACE_BOUND('',#4359,.T.);
#4359 = EDGE_LOOP('',(#4360,#4361,#4362,#4363));
#4360 = ORIENTED_EDGE('',*,*,#2858,.T.);
#4361 = ORIENTED_EDGE('',*,*,#4347,.T.);
#4362 = ORIENTED_EDGE('',*,*,#3497,.F.);
#4363 = ORIENTED_EDGE('',*,*,#4364,.F.);
#4364 = EDGE_CURVE('',#2851,#3490,#4365,.T.);
#4365 = LINE('',#4366,#4367);
#4366 = CARTESIAN_POINT('',(147.35,-77.85,-4.6E-02));
#4367 = VECTOR('',#4368,1.);
#4368 = DIRECTION('',(0.,0.,1.));
#4369 = CYLINDRICAL_SURFACE('',#4370,0.75);
#4370 = AXIS2_PLACEMENT_3D('',#4371,#4372,#4373);
#4371 = CARTESIAN_POINT('',(147.35,-77.1,-4.6E-02));
#4372 = DIRECTION('',(-0.,0.,-1.));
#4373 = DIRECTION('',(0.,1.,0.));
#4374 = ADVANCED_FACE('',(#4375),#4381,.T.);
#4375 = FACE_BOUND('',#4376,.T.);
#4376 = EDGE_LOOP('',(#4377,#4378,#4379,#4380));
#4377 = ORIENTED_EDGE('',*,*,#2850,.T.);
#4378 = ORIENTED_EDGE('',*,*,#4364,.T.);
#4379 = ORIENTED_EDGE('',*,*,#3489,.F.);
#4380 = ORIENTED_EDGE('',*,*,#4323,.F.);
#4381 = PLANE('',#4382);
#4382 = AXIS2_PLACEMENT_3D('',#4383,#4384,#4385);
#4383 = CARTESIAN_POINT('',(147.35,-77.85,-4.6E-02));
#4384 = DIRECTION('',(0.,1.,0.));
#4385 = DIRECTION('',(1.,0.,0.));
#4386 = ADVANCED_FACE('',(#4387),#4398,.F.);
#4387 = FACE_BOUND('',#4388,.T.);
#4388 = EDGE_LOOP('',(#4389,#4390,#4396,#4397));
#4389 = ORIENTED_EDGE('',*,*,#2875,.T.);
#4390 = ORIENTED_EDGE('',*,*,#4391,.T.);
#4391 = EDGE_CURVE('',#2876,#3515,#4392,.T.);
#4392 = LINE('',#4393,#4394);
#4393 = CARTESIAN_POINT('',(155.,-74.5,-4.6E-02));
#4394 = VECTOR('',#4395,1.);
#4395 = DIRECTION('',(0.,0.,1.));
#4396 = ORIENTED_EDGE('',*,*,#3514,.F.);
#4397 = ORIENTED_EDGE('',*,*,#4391,.F.);
#4398 = CYLINDRICAL_SURFACE('',#4399,0.5);
#4399 = AXIS2_PLACEMENT_3D('',#4400,#4401,#4402);
#4400 = CARTESIAN_POINT('',(155.,-74.,-4.6E-02));
#4401 = DIRECTION('',(-0.,-0.,-1.));
#4402 = DIRECTION('',(-0.,-1.,0.));
#4403 = ADVANCED_FACE('',(#4404),#4415,.F.);
#4404 = FACE_BOUND('',#4405,.T.);
#4405 = EDGE_LOOP('',(#4406,#4407,#4413,#4414));
#4406 = ORIENTED_EDGE('',*,*,#2886,.T.);
#4407 = ORIENTED_EDGE('',*,*,#4408,.T.);
#4408 = EDGE_CURVE('',#2887,#3526,#4409,.T.);
#4409 = LINE('',#4410,#4411);
#4410 = CARTESIAN_POINT('',(176.8,-79.0645,-4.6E-02));
#4411 = VECTOR('',#4412,1.);
#4412 = DIRECTION('',(0.,0.,1.));
#4413 = ORIENTED_EDGE('',*,*,#3525,.F.);
#4414 = ORIENTED_EDGE('',*,*,#4408,.F.);
#4415 = CYLINDRICAL_SURFACE('',#4416,0.4445);
#4416 = AXIS2_PLACEMENT_3D('',#4417,#4418,#4419);
#4417 = CARTESIAN_POINT('',(176.8,-78.62,-4.6E-02));
#4418 = DIRECTION('',(-0.,-0.,-1.));
#4419 = DIRECTION('',(-0.,-1.,0.));
#4420 = ADVANCED_FACE('',(#4421),#4432,.F.);
#4421 = FACE_BOUND('',#4422,.T.);
#4422 = EDGE_LOOP('',(#4423,#4424,#4430,#4431));
#4423 = ORIENTED_EDGE('',*,*,#2897,.T.);
#4424 = ORIENTED_EDGE('',*,*,#4425,.T.);
#4425 = EDGE_CURVE('',#2898,#3537,#4426,.T.);
#4426 = LINE('',#4427,#4428);
#4427 = CARTESIAN_POINT('',(179.34,-79.0645,-4.6E-02));
#4428 = VECTOR('',#4429,1.);
#4429 = DIRECTION('',(0.,0.,1.));
#4430 = ORIENTED_EDGE('',*,*,#3536,.F.);
#4431 = ORIENTED_EDGE('',*,*,#4425,.F.);
#4432 = CYLINDRICAL_SURFACE('',#4433,0.4445);
#4433 = AXIS2_PLACEMENT_3D('',#4434,#4435,#4436);
#4434 = CARTESIAN_POINT('',(179.34,-78.62,-4.6E-02));
#4435 = DIRECTION('',(-0.,-0.,-1.));
#4436 = DIRECTION('',(-0.,-1.,0.));
#4437 = ADVANCED_FACE('',(#4438),#4449,.F.);
#4438 = FACE_BOUND('',#4439,.T.);
#4439 = EDGE_LOOP('',(#4440,#4441,#4447,#4448));
#4440 = ORIENTED_EDGE('',*,*,#2908,.T.);
#4441 = ORIENTED_EDGE('',*,*,#4442,.T.);
#4442 = EDGE_CURVE('',#2909,#3548,#4443,.T.);
#4443 = LINE('',#4444,#4445);
#4444 = CARTESIAN_POINT('',(181.88,-79.0645,-4.6E-02));
#4445 = VECTOR('',#4446,1.);
#4446 = DIRECTION('',(0.,0.,1.));
#4447 = ORIENTED_EDGE('',*,*,#3547,.F.);
#4448 = ORIENTED_EDGE('',*,*,#4442,.F.);
#4449 = CYLINDRICAL_SURFACE('',#4450,0.4445);
#4450 = AXIS2_PLACEMENT_3D('',#4451,#4452,#4453);
#4451 = CARTESIAN_POINT('',(181.88,-78.62,-4.6E-02));
#4452 = DIRECTION('',(-0.,-0.,-1.));
#4453 = DIRECTION('',(-0.,-1.,0.));
#4454 = ADVANCED_FACE('',(#4455),#4466,.F.);
#4455 = FACE_BOUND('',#4456,.T.);
#4456 = EDGE_LOOP('',(#4457,#4458,#4464,#4465));
#4457 = ORIENTED_EDGE('',*,*,#2919,.T.);
#4458 = ORIENTED_EDGE('',*,*,#4459,.T.);
#4459 = EDGE_CURVE('',#2920,#3559,#4460,.T.);
#4460 = LINE('',#4461,#4462);
#4461 = CARTESIAN_POINT('',(184.42,-79.0645,-4.6E-02));
#4462 = VECTOR('',#4463,1.);
#4463 = DIRECTION('',(0.,0.,1.));
#4464 = ORIENTED_EDGE('',*,*,#3558,.F.);
#4465 = ORIENTED_EDGE('',*,*,#4459,.F.);
#4466 = CYLINDRICAL_SURFACE('',#4467,0.4445);
#4467 = AXIS2_PLACEMENT_3D('',#4468,#4469,#4470);
#4468 = CARTESIAN_POINT('',(184.42,-78.62,-4.6E-02));
#4469 = DIRECTION('',(-0.,-0.,-1.));
#4470 = DIRECTION('',(-6.394085361171E-14,-1.,0.));
#4471 = ADVANCED_FACE('',(#4472),#4483,.F.);
#4472 = FACE_BOUND('',#4473,.T.);
#4473 = EDGE_LOOP('',(#4474,#4475,#4481,#4482));
#4474 = ORIENTED_EDGE('',*,*,#2930,.T.);
#4475 = ORIENTED_EDGE('',*,*,#4476,.T.);
#4476 = EDGE_CURVE('',#2931,#3570,#4477,.T.);
#4477 = LINE('',#4478,#4479);
#4478 = CARTESIAN_POINT('',(186.96,-79.0645,-4.6E-02));
#4479 = VECTOR('',#4480,1.);
#4480 = DIRECTION('',(0.,0.,1.));
#4481 = ORIENTED_EDGE('',*,*,#3569,.F.);
#4482 = ORIENTED_EDGE('',*,*,#4476,.F.);
#4483 = CYLINDRICAL_SURFACE('',#4484,0.4445);
#4484 = AXIS2_PLACEMENT_3D('',#4485,#4486,#4487);
#4485 = CARTESIAN_POINT('',(186.96,-78.62,-4.6E-02));
#4486 = DIRECTION('',(-0.,-0.,-1.));
#4487 = DIRECTION('',(-0.,-1.,0.));
#4488 = ADVANCED_FACE('',(#4489),#4500,.F.);
#4489 = FACE_BOUND('',#4490,.T.);
#4490 = EDGE_LOOP('',(#4491,#4492,#4498,#4499));
#4491 = ORIENTED_EDGE('',*,*,#2941,.T.);
#4492 = ORIENTED_EDGE('',*,*,#4493,.T.);
#4493 = EDGE_CURVE('',#2942,#3581,#4494,.T.);
#4494 = LINE('',#4495,#4496);
#4495 = CARTESIAN_POINT('',(189.5,-79.0645,-4.6E-02));
#4496 = VECTOR('',#4497,1.);
#4497 = DIRECTION('',(0.,0.,1.));
#4498 = ORIENTED_EDGE('',*,*,#3580,.F.);
#4499 = ORIENTED_EDGE('',*,*,#4493,.F.);
#4500 = CYLINDRICAL_SURFACE('',#4501,0.4445);
#4501 = AXIS2_PLACEMENT_3D('',#4502,#4503,#4504);
#4502 = CARTESIAN_POINT('',(189.5,-78.62,-4.6E-02));
#4503 = DIRECTION('',(-0.,-0.,-1.));
#4504 = DIRECTION('',(-0.,-1.,0.));
#4505 = ADVANCED_FACE('',(#4506),#4517,.F.);
#4506 = FACE_BOUND('',#4507,.T.);
#4507 = EDGE_LOOP('',(#4508,#4509,#4515,#4516));
#4508 = ORIENTED_EDGE('',*,*,#2952,.T.);
#4509 = ORIENTED_EDGE('',*,*,#4510,.T.);
#4510 = EDGE_CURVE('',#2953,#3592,#4511,.T.);
#4511 = LINE('',#4512,#4513);
#4512 = CARTESIAN_POINT('',(192.04,-79.0645,-4.6E-02));
#4513 = VECTOR('',#4514,1.);
#4514 = DIRECTION('',(0.,0.,1.));
#4515 = ORIENTED_EDGE('',*,*,#3591,.F.);
#4516 = ORIENTED_EDGE('',*,*,#4510,.F.);
#4517 = CYLINDRICAL_SURFACE('',#4518,0.4445);
#4518 = AXIS2_PLACEMENT_3D('',#4519,#4520,#4521);
#4519 = CARTESIAN_POINT('',(192.04,-78.62,-4.6E-02));
#4520 = DIRECTION('',(-0.,-0.,-1.));
#4521 = DIRECTION('',(-0.,-1.,0.));
#4522 = ADVANCED_FACE('',(#4523),#4534,.F.);
#4523 = FACE_BOUND('',#4524,.T.);
#4524 = EDGE_LOOP('',(#4525,#4526,#4532,#4533));
#4525 = ORIENTED_EDGE('',*,*,#2963,.T.);
#4526 = ORIENTED_EDGE('',*,*,#4527,.T.);
#4527 = EDGE_CURVE('',#2964,#3603,#4528,.T.);
#4528 = LINE('',#4529,#4530);
#4529 = CARTESIAN_POINT('',(155.,-69.5,-4.6E-02));
#4530 = VECTOR('',#4531,1.);
#4531 = DIRECTION('',(0.,0.,1.));
#4532 = ORIENTED_EDGE('',*,*,#3602,.F.);
#4533 = ORIENTED_EDGE('',*,*,#4527,.F.);
#4534 = CYLINDRICAL_SURFACE('',#4535,0.5);
#4535 = AXIS2_PLACEMENT_3D('',#4536,#4537,#4538);
#4536 = CARTESIAN_POINT('',(155.,-69.,-4.6E-02));
#4537 = DIRECTION('',(-0.,-0.,-1.));
#4538 = DIRECTION('',(-0.,-1.,0.));
#4539 = ADVANCED_FACE('',(#4540),#4556,.F.);
#4540 = FACE_BOUND('',#4541,.T.);
#4541 = EDGE_LOOP('',(#4542,#4543,#4549,#4550));
#4542 = ORIENTED_EDGE('',*,*,#2974,.T.);
#4543 = ORIENTED_EDGE('',*,*,#4544,.T.);
#4544 = EDGE_CURVE('',#2977,#3616,#4545,.T.);
#4545 = LINE('',#4546,#4547);
#4546 = CARTESIAN_POINT('',(148.65,-66.65,-4.6E-02));
#4547 = VECTOR('',#4548,1.);
#4548 = DIRECTION('',(0.,0.,1.));
#4549 = ORIENTED_EDGE('',*,*,#3613,.F.);
#4550 = ORIENTED_EDGE('',*,*,#4551,.F.);
#4551 = EDGE_CURVE('',#2975,#3614,#4552,.T.);
#4552 = LINE('',#4553,#4554);
#4553 = CARTESIAN_POINT('',(148.65,-65.15,-4.6E-02));
#4554 = VECTOR('',#4555,1.);
#4555 = DIRECTION('',(0.,0.,1.));
#4556 = CYLINDRICAL_SURFACE('',#4557,0.75);
#4557 = AXIS2_PLACEMENT_3D('',#4558,#4559,#4560);
#4558 = CARTESIAN_POINT('',(148.65,-65.9,-4.6E-02));
#4559 = DIRECTION('',(-0.,-0.,-1.));
#4560 = DIRECTION('',(-0.,-1.,0.));
#4561 = ADVANCED_FACE('',(#4562),#4573,.T.);
#4562 = FACE_BOUND('',#4563,.T.);
#4563 = EDGE_LOOP('',(#4564,#4565,#4566,#4567));
#4564 = ORIENTED_EDGE('',*,*,#3002,.T.);
#4565 = ORIENTED_EDGE('',*,*,#4551,.T.);
#4566 = ORIENTED_EDGE('',*,*,#3641,.F.);
#4567 = ORIENTED_EDGE('',*,*,#4568,.F.);
#4568 = EDGE_CURVE('',#2994,#3633,#4569,.T.);
#4569 = LINE('',#4570,#4571);
#4570 = CARTESIAN_POINT('',(147.35,-65.15,-4.6E-02));
#4571 = VECTOR('',#4572,1.);
#4572 = DIRECTION('',(0.,0.,1.));
#4573 = PLANE('',#4574);
#4574 = AXIS2_PLACEMENT_3D('',#4575,#4576,#4577);
#4575 = CARTESIAN_POINT('',(148.65,-65.15,-4.6E-02));
#4576 = DIRECTION('',(0.,-1.,0.));
#4577 = DIRECTION('',(-1.,0.,0.));
#4578 = ADVANCED_FACE('',(#4579),#4590,.F.);
#4579 = FACE_BOUND('',#4580,.T.);
#4580 = EDGE_LOOP('',(#4581,#4582,#4583,#4584));
#4581 = ORIENTED_EDGE('',*,*,#2993,.T.);
#4582 = ORIENTED_EDGE('',*,*,#4568,.T.);
#4583 = ORIENTED_EDGE('',*,*,#3632,.F.);
#4584 = ORIENTED_EDGE('',*,*,#4585,.F.);
#4585 = EDGE_CURVE('',#2986,#3625,#4586,.T.);
#4586 = LINE('',#4587,#4588);
#4587 = CARTESIAN_POINT('',(147.35,-66.65,-4.6E-02));
#4588 = VECTOR('',#4589,1.);
#4589 = DIRECTION('',(0.,0.,1.));
#4590 = CYLINDRICAL_SURFACE('',#4591,0.75);
#4591 = AXIS2_PLACEMENT_3D('',#4592,#4593,#4594);
#4592 = CARTESIAN_POINT('',(147.35,-65.9,-4.6E-02));
#4593 = DIRECTION('',(-0.,0.,-1.));
#4594 = DIRECTION('',(0.,1.,0.));
#4595 = ADVANCED_FACE('',(#4596),#4602,.T.);
#4596 = FACE_BOUND('',#4597,.T.);
#4597 = EDGE_LOOP('',(#4598,#4599,#4600,#4601));
#4598 = ORIENTED_EDGE('',*,*,#2985,.T.);
#4599 = ORIENTED_EDGE('',*,*,#4585,.T.);
#4600 = ORIENTED_EDGE('',*,*,#3624,.F.);
#4601 = ORIENTED_EDGE('',*,*,#4544,.F.);
#4602 = PLANE('',#4603);
#4603 = AXIS2_PLACEMENT_3D('',#4604,#4605,#4606);
#4604 = CARTESIAN_POINT('',(147.35,-66.65,-4.6E-02));
#4605 = DIRECTION('',(0.,1.,0.));
#4606 = DIRECTION('',(1.,0.,0.));
#4607 = ADVANCED_FACE('',(#4608),#4619,.F.);
#4608 = FACE_BOUND('',#4609,.T.);
#4609 = EDGE_LOOP('',(#4610,#4611,#4617,#4618));
#4610 = ORIENTED_EDGE('',*,*,#3010,.T.);
#4611 = ORIENTED_EDGE('',*,*,#4612,.T.);
#4612 = EDGE_CURVE('',#3011,#3650,#4613,.T.);
#4613 = LINE('',#4614,#4615);
#4614 = CARTESIAN_POINT('',(176.8,-63.8245,-4.6E-02));
#4615 = VECTOR('',#4616,1.);
#4616 = DIRECTION('',(0.,0.,1.));
#4617 = ORIENTED_EDGE('',*,*,#3649,.F.);
#4618 = ORIENTED_EDGE('',*,*,#4612,.F.);
#4619 = CYLINDRICAL_SURFACE('',#4620,0.4445);
#4620 = AXIS2_PLACEMENT_3D('',#4621,#4622,#4623);
#4621 = CARTESIAN_POINT('',(176.8,-63.38,-4.6E-02));
#4622 = DIRECTION('',(-0.,-0.,-1.));
#4623 = DIRECTION('',(-0.,-1.,0.));
#4624 = ADVANCED_FACE('',(#4625),#4636,.F.);
#4625 = FACE_BOUND('',#4626,.T.);
#4626 = EDGE_LOOP('',(#4627,#4628,#4634,#4635));
#4627 = ORIENTED_EDGE('',*,*,#3021,.T.);
#4628 = ORIENTED_EDGE('',*,*,#4629,.T.);
#4629 = EDGE_CURVE('',#3022,#3661,#4630,.T.);
#4630 = LINE('',#4631,#4632);
#4631 = CARTESIAN_POINT('',(179.34,-63.8245,-4.6E-02));
#4632 = VECTOR('',#4633,1.);
#4633 = DIRECTION('',(0.,0.,1.));
#4634 = ORIENTED_EDGE('',*,*,#3660,.F.);
#4635 = ORIENTED_EDGE('',*,*,#4629,.F.);
#4636 = CYLINDRICAL_SURFACE('',#4637,0.4445);
#4637 = AXIS2_PLACEMENT_3D('',#4638,#4639,#4640);
#4638 = CARTESIAN_POINT('',(179.34,-63.38,-4.6E-02));
#4639 = DIRECTION('',(-0.,-0.,-1.));
#4640 = DIRECTION('',(-0.,-1.,0.));
#4641 = ADVANCED_FACE('',(#4642),#4653,.F.);
#4642 = FACE_BOUND('',#4643,.T.);
#4643 = EDGE_LOOP('',(#4644,#4645,#4651,#4652));
#4644 = ORIENTED_EDGE('',*,*,#3032,.T.);
#4645 = ORIENTED_EDGE('',*,*,#4646,.T.);
#4646 = EDGE_CURVE('',#3033,#3672,#4647,.T.);
#4647 = LINE('',#4648,#4649);
#4648 = CARTESIAN_POINT('',(181.88,-63.8245,-4.6E-02));
#4649 = VECTOR('',#4650,1.);
#4650 = DIRECTION('',(0.,0.,1.));
#4651 = ORIENTED_EDGE('',*,*,#3671,.F.);
#4652 = ORIENTED_EDGE('',*,*,#4646,.F.);
#4653 = CYLINDRICAL_SURFACE('',#4654,0.4445);
#4654 = AXIS2_PLACEMENT_3D('',#4655,#4656,#4657);
#4655 = CARTESIAN_POINT('',(181.88,-63.38,-4.6E-02));
#4656 = DIRECTION('',(-0.,-0.,-1.));
#4657 = DIRECTION('',(-0.,-1.,0.));
#4658 = ADVANCED_FACE('',(#4659),#4670,.F.);
#4659 = FACE_BOUND('',#4660,.T.);
#4660 = EDGE_LOOP('',(#4661,#4662,#4668,#4669));
#4661 = ORIENTED_EDGE('',*,*,#3043,.T.);
#4662 = ORIENTED_EDGE('',*,*,#4663,.T.);
#4663 = EDGE_CURVE('',#3044,#3683,#4664,.T.);
#4664 = LINE('',#4665,#4666);
#4665 = CARTESIAN_POINT('',(184.42,-63.8245,-4.6E-02));
#4666 = VECTOR('',#4667,1.);
#4667 = DIRECTION('',(0.,0.,1.));
#4668 = ORIENTED_EDGE('',*,*,#3682,.F.);
#4669 = ORIENTED_EDGE('',*,*,#4663,.F.);
#4670 = CYLINDRICAL_SURFACE('',#4671,0.4445);
#4671 = AXIS2_PLACEMENT_3D('',#4672,#4673,#4674);
#4672 = CARTESIAN_POINT('',(184.42,-63.38,-4.6E-02));
#4673 = DIRECTION('',(-0.,-0.,-1.));
#4674 = DIRECTION('',(-6.394085361171E-14,-1.,0.));
#4675 = ADVANCED_FACE('',(#4676),#4687,.F.);
#4676 = FACE_BOUND('',#4677,.T.);
#4677 = EDGE_LOOP('',(#4678,#4679,#4685,#4686));
#4678 = ORIENTED_EDGE('',*,*,#3054,.T.);
#4679 = ORIENTED_EDGE('',*,*,#4680,.T.);
#4680 = EDGE_CURVE('',#3055,#3694,#4681,.T.);
#4681 = LINE('',#4682,#4683);
#4682 = CARTESIAN_POINT('',(186.96,-63.8245,-4.6E-02));
#4683 = VECTOR('',#4684,1.);
#4684 = DIRECTION('',(0.,0.,1.));
#4685 = ORIENTED_EDGE('',*,*,#3693,.F.);
#4686 = ORIENTED_EDGE('',*,*,#4680,.F.);
#4687 = CYLINDRICAL_SURFACE('',#4688,0.4445);
#4688 = AXIS2_PLACEMENT_3D('',#4689,#4690,#4691);
#4689 = CARTESIAN_POINT('',(186.96,-63.38,-4.6E-02));
#4690 = DIRECTION('',(-0.,-0.,-1.));
#4691 = DIRECTION('',(-0.,-1.,0.));
#4692 = ADVANCED_FACE('',(#4693),#4704,.F.);
#4693 = FACE_BOUND('',#4694,.T.);
#4694 = EDGE_LOOP('',(#4695,#4696,#4702,#4703));
#4695 = ORIENTED_EDGE('',*,*,#3065,.T.);
#4696 = ORIENTED_EDGE('',*,*,#4697,.T.);
#4697 = EDGE_CURVE('',#3066,#3705,#4698,.T.);
#4698 = LINE('',#4699,#4700);
#4699 = CARTESIAN_POINT('',(189.5,-63.8245,-4.6E-02));
#4700 = VECTOR('',#4701,1.);
#4701 = DIRECTION('',(0.,0.,1.));
#4702 = ORIENTED_EDGE('',*,*,#3704,.F.);
#4703 = ORIENTED_EDGE('',*,*,#4697,.F.);
#4704 = CYLINDRICAL_SURFACE('',#4705,0.4445);
#4705 = AXIS2_PLACEMENT_3D('',#4706,#4707,#4708);
#4706 = CARTESIAN_POINT('',(189.5,-63.38,-4.6E-02));
#4707 = DIRECTION('',(-0.,-0.,-1.));
#4708 = DIRECTION('',(-0.,-1.,0.));
#4709 = ADVANCED_FACE('',(#4710),#4721,.F.);
#4710 = FACE_BOUND('',#4711,.T.);
#4711 = EDGE_LOOP('',(#4712,#4713,#4719,#4720));
#4712 = ORIENTED_EDGE('',*,*,#3076,.T.);
#4713 = ORIENTED_EDGE('',*,*,#4714,.T.);
#4714 = EDGE_CURVE('',#3077,#3716,#4715,.T.);
#4715 = LINE('',#4716,#4717);
#4716 = CARTESIAN_POINT('',(192.04,-63.8245,-4.6E-02));
#4717 = VECTOR('',#4718,1.);
#4718 = DIRECTION('',(0.,0.,1.));
#4719 = ORIENTED_EDGE('',*,*,#3715,.F.);
#4720 = ORIENTED_EDGE('',*,*,#4714,.F.);
#4721 = CYLINDRICAL_SURFACE('',#4722,0.4445);
#4722 = AXIS2_PLACEMENT_3D('',#4723,#4724,#4725);
#4723 = CARTESIAN_POINT('',(192.04,-63.38,-4.6E-02));
#4724 = DIRECTION('',(-0.,-0.,-1.));
#4725 = DIRECTION('',(-0.,-1.,0.));
#4726 = ( GEOMETRIC_REPRESENTATION_CONTEXT(3) 
GLOBAL_UNCERTAINTY_ASSIGNED_CONTEXT((#4730)) 
GLOBAL_UNIT_ASSIGNED_CONTEXT((#4727,#4728,#4729)) REPRESENTATION_CONTEXT
('Context #1','3D Context with UNIT and UNCERTAINTY') );
#4727 = ( LENGTH_UNIT() NAMED_UNIT(*) SI_UNIT(.MILLI.,.METRE.) );
#4728 = ( NAMED_UNIT(*) PLANE_ANGLE_UNIT() SI_UNIT($,.RADIAN.) );
#4729 = ( NAMED_UNIT(*) SI_UNIT($,.STERADIAN.) SOLID_ANGLE_UNIT() );
#4730 = UNCERTAINTY_MEASURE_WITH_UNIT(LENGTH_MEASURE(1.E-07),#4727,
  'distance_accuracy_value','confusion accuracy');
#4731 = CONTEXT_DEPENDENT_SHAPE_REPRESENTATION(#4732,#4734);
#4732 = ( REPRESENTATION_RELATIONSHIP('','',#2345,#10) 
REPRESENTATION_RELATIONSHIP_WITH_TRANSFORMATION(#4733) 
SHAPE_REPRESENTATION_RELATIONSHIP() );
#4733 = ITEM_DEFINED_TRANSFORMATION('','',#11,#19);
#4734 = PRODUCT_DEFINITION_SHAPE('Placement','Placement of an item',
  #4735);
#4735 = NEXT_ASSEMBLY_USAGE_OCCURRENCE('3','=>[0:1:1:4]','',#5,#2340,$);
#4736 = PRODUCT_RELATED_PRODUCT_CATEGORY('part',$,(#2342));
#4737 = MECHANICAL_DESIGN_GEOMETRIC_PRESENTATION_REPRESENTATION('',(
    #4738,#4746,#4753,#4760,#4767,#4774,#4781,#4788,#4795,#4802,#4809,
    #4816,#4823,#4830,#4838,#4845,#4852,#4860,#4867,#4874,#4881,#4888,
    #4895,#4902,#4909,#4916,#4923,#4930,#4937,#4944,#4951,#4958,#4965,
    #4972,#4979,#4986,#4993,#5000,#5007,#5014,#5021,#5028,#5035,#5042,
    #5049,#5056,#5063,#5070,#5077,#5084,#5091,#5098,#5105,#5112,#5119,
    #5126,#5133,#5140,#5147,#5154,#5161,#5168,#5175,#5182,#5189,#5196,
    #5203,#5210),#2327);
#4738 = STYLED_ITEM('color',(#4739),#62);
#4739 = PRESENTATION_STYLE_ASSIGNMENT((#4740));
#4740 = SURFACE_STYLE_USAGE(.BOTH.,#4741);
#4741 = SURFACE_SIDE_STYLE('',(#4742));
#4742 = SURFACE_STYLE_FILL_AREA(#4743);
#4743 = FILL_AREA_STYLE('',(#4744));
#4744 = FILL_AREA_STYLE_COLOUR('',#4745);
#4745 = COLOUR_RGB('',0.893999996942,0.890999961016,0.813000030345);
#4746 = STYLED_ITEM('color',(#4747),#121);
#4747 = PRESENTATION_STYLE_ASSIGNMENT((#4748));
#4748 = SURFACE_STYLE_USAGE(.BOTH.,#4749);
#4749 = SURFACE_SIDE_STYLE('',(#4750));
#4750 = SURFACE_STYLE_FILL_AREA(#4751);
#4751 = FILL_AREA_STYLE('',(#4752));
#4752 = FILL_AREA_STYLE_COLOUR('',#4745);
#4753 = STYLED_ITEM('color',(#4754),#146);
#4754 = PRESENTATION_STYLE_ASSIGNMENT((#4755));
#4755 = SURFACE_STYLE_USAGE(.BOTH.,#4756);
#4756 = SURFACE_SIDE_STYLE('',(#4757));
#4757 = SURFACE_STYLE_FILL_AREA(#4758);
#4758 = FILL_AREA_STYLE('',(#4759));
#4759 = FILL_AREA_STYLE_COLOUR('',#4745);
#4760 = STYLED_ITEM('color',(#4761),#179);
#4761 = PRESENTATION_STYLE_ASSIGNMENT((#4762));
#4762 = SURFACE_STYLE_USAGE(.BOTH.,#4763);
#4763 = SURFACE_SIDE_STYLE('',(#4764));
#4764 = SURFACE_STYLE_FILL_AREA(#4765);
#4765 = FILL_AREA_STYLE('',(#4766));
#4766 = FILL_AREA_STYLE_COLOUR('',#4745);
#4767 = STYLED_ITEM('color',(#4768),#204);
#4768 = PRESENTATION_STYLE_ASSIGNMENT((#4769));
#4769 = SURFACE_STYLE_USAGE(.BOTH.,#4770);
#4770 = SURFACE_SIDE_STYLE('',(#4771));
#4771 = SURFACE_STYLE_FILL_AREA(#4772);
#4772 = FILL_AREA_STYLE('',(#4773));
#4773 = FILL_AREA_STYLE_COLOUR('',#4745);
#4774 = STYLED_ITEM('color',(#4775),#229);
#4775 = PRESENTATION_STYLE_ASSIGNMENT((#4776));
#4776 = SURFACE_STYLE_USAGE(.BOTH.,#4777);
#4777 = SURFACE_SIDE_STYLE('',(#4778));
#4778 = SURFACE_STYLE_FILL_AREA(#4779);
#4779 = FILL_AREA_STYLE('',(#4780));
#4780 = FILL_AREA_STYLE_COLOUR('',#4745);
#4781 = STYLED_ITEM('color',(#4782),#254);
#4782 = PRESENTATION_STYLE_ASSIGNMENT((#4783));
#4783 = SURFACE_STYLE_USAGE(.BOTH.,#4784);
#4784 = SURFACE_SIDE_STYLE('',(#4785));
#4785 = SURFACE_STYLE_FILL_AREA(#4786);
#4786 = FILL_AREA_STYLE('',(#4787));
#4787 = FILL_AREA_STYLE_COLOUR('',#4745);
#4788 = STYLED_ITEM('color',(#4789),#271);
#4789 = PRESENTATION_STYLE_ASSIGNMENT((#4790));
#4790 = SURFACE_STYLE_USAGE(.BOTH.,#4791);
#4791 = SURFACE_SIDE_STYLE('',(#4792));
#4792 = SURFACE_STYLE_FILL_AREA(#4793);
#4793 = FILL_AREA_STYLE('',(#4794));
#4794 = FILL_AREA_STYLE_COLOUR('',#4745);
#4795 = STYLED_ITEM('color',(#4796),#296);
#4796 = PRESENTATION_STYLE_ASSIGNMENT((#4797));
#4797 = SURFACE_STYLE_USAGE(.BOTH.,#4798);
#4798 = SURFACE_SIDE_STYLE('',(#4799));
#4799 = SURFACE_STYLE_FILL_AREA(#4800);
#4800 = FILL_AREA_STYLE('',(#4801));
#4801 = FILL_AREA_STYLE_COLOUR('',#4745);
#4802 = STYLED_ITEM('color',(#4803),#327);
#4803 = PRESENTATION_STYLE_ASSIGNMENT((#4804));
#4804 = SURFACE_STYLE_USAGE(.BOTH.,#4805);
#4805 = SURFACE_SIDE_STYLE('',(#4806));
#4806 = SURFACE_STYLE_FILL_AREA(#4807);
#4807 = FILL_AREA_STYLE('',(#4808));
#4808 = FILL_AREA_STYLE_COLOUR('',#4745);
#4809 = STYLED_ITEM('color',(#4810),#367);
#4810 = PRESENTATION_STYLE_ASSIGNMENT((#4811));
#4811 = SURFACE_STYLE_USAGE(.BOTH.,#4812);
#4812 = SURFACE_SIDE_STYLE('',(#4813));
#4813 = SURFACE_STYLE_FILL_AREA(#4814);
#4814 = FILL_AREA_STYLE('',(#4815));
#4815 = FILL_AREA_STYLE_COLOUR('',#4745);
#4816 = STYLED_ITEM('color',(#4817),#498);
#4817 = PRESENTATION_STYLE_ASSIGNMENT((#4818));
#4818 = SURFACE_STYLE_USAGE(.BOTH.,#4819);
#4819 = SURFACE_SIDE_STYLE('',(#4820));
#4820 = SURFACE_STYLE_FILL_AREA(#4821);
#4821 = FILL_AREA_STYLE('',(#4822));
#4822 = FILL_AREA_STYLE_COLOUR('',#4745);
#4823 = STYLED_ITEM('color',(#4824),#622);
#4824 = PRESENTATION_STYLE_ASSIGNMENT((#4825));
#4825 = SURFACE_STYLE_USAGE(.BOTH.,#4826);
#4826 = SURFACE_SIDE_STYLE('',(#4827));
#4827 = SURFACE_STYLE_FILL_AREA(#4828);
#4828 = FILL_AREA_STYLE('',(#4829));
#4829 = FILL_AREA_STYLE_COLOUR('',#4745);
#4830 = STYLED_ITEM('color',(#4831),#639);
#4831 = PRESENTATION_STYLE_ASSIGNMENT((#4832));
#4832 = SURFACE_STYLE_USAGE(.BOTH.,#4833);
#4833 = SURFACE_SIDE_STYLE('',(#4834));
#4834 = SURFACE_STYLE_FILL_AREA(#4835);
#4835 = FILL_AREA_STYLE('',(#4836));
#4836 = FILL_AREA_STYLE_COLOUR('',#4837);
#4837 = COLOUR_RGB('',0.136999991899,0.40200001271,0.726999997272);
#4838 = STYLED_ITEM('color',(#4839),#648);
#4839 = PRESENTATION_STYLE_ASSIGNMENT((#4840));
#4840 = SURFACE_STYLE_USAGE(.BOTH.,#4841);
#4841 = SURFACE_SIDE_STYLE('',(#4842));
#4842 = SURFACE_STYLE_FILL_AREA(#4843);
#4843 = FILL_AREA_STYLE('',(#4844));
#4844 = FILL_AREA_STYLE_COLOUR('',#4745);
#4845 = STYLED_ITEM('color',(#4846),#659);
#4846 = PRESENTATION_STYLE_ASSIGNMENT((#4847));
#4847 = SURFACE_STYLE_USAGE(.BOTH.,#4848);
#4848 = SURFACE_SIDE_STYLE('',(#4849));
#4849 = SURFACE_STYLE_FILL_AREA(#4850);
#4850 = FILL_AREA_STYLE('',(#4851));
#4851 = FILL_AREA_STYLE_COLOUR('',#4745);
#4852 = STYLED_ITEM('color',(#4853),#827);
#4853 = PRESENTATION_STYLE_ASSIGNMENT((#4854));
#4854 = SURFACE_STYLE_USAGE(.BOTH.,#4855);
#4855 = SURFACE_SIDE_STYLE('',(#4856));
#4856 = SURFACE_STYLE_FILL_AREA(#4857);
#4857 = FILL_AREA_STYLE('',(#4858));
#4858 = FILL_AREA_STYLE_COLOUR('',#4859);
#4859 = COLOUR_RGB('',0.823999987314,0.819999987296,0.781000009244);
#4860 = STYLED_ITEM('color',(#4861),#858);
#4861 = PRESENTATION_STYLE_ASSIGNMENT((#4862));
#4862 = SURFACE_STYLE_USAGE(.BOTH.,#4863);
#4863 = SURFACE_SIDE_STYLE('',(#4864));
#4864 = SURFACE_STYLE_FILL_AREA(#4865);
#4865 = FILL_AREA_STYLE('',(#4866));
#4866 = FILL_AREA_STYLE_COLOUR('',#4859);
#4867 = STYLED_ITEM('color',(#4868),#889);
#4868 = PRESENTATION_STYLE_ASSIGNMENT((#4869));
#4869 = SURFACE_STYLE_USAGE(.BOTH.,#4870);
#4870 = SURFACE_SIDE_STYLE('',(#4871));
#4871 = SURFACE_STYLE_FILL_AREA(#4872);
#4872 = FILL_AREA_STYLE('',(#4873));
#4873 = FILL_AREA_STYLE_COLOUR('',#4859);
#4874 = STYLED_ITEM('color',(#4875),#920);
#4875 = PRESENTATION_STYLE_ASSIGNMENT((#4876));
#4876 = SURFACE_STYLE_USAGE(.BOTH.,#4877);
#4877 = SURFACE_SIDE_STYLE('',(#4878));
#4878 = SURFACE_STYLE_FILL_AREA(#4879);
#4879 = FILL_AREA_STYLE('',(#4880));
#4880 = FILL_AREA_STYLE_COLOUR('',#4859);
#4881 = STYLED_ITEM('color',(#4882),#1005);
#4882 = PRESENTATION_STYLE_ASSIGNMENT((#4883));
#4883 = SURFACE_STYLE_USAGE(.BOTH.,#4884);
#4884 = SURFACE_SIDE_STYLE('',(#4885));
#4885 = SURFACE_STYLE_FILL_AREA(#4886);
#4886 = FILL_AREA_STYLE('',(#4887));
#4887 = FILL_AREA_STYLE_COLOUR('',#4859);
#4888 = STYLED_ITEM('color',(#4889),#1029);
#4889 = PRESENTATION_STYLE_ASSIGNMENT((#4890));
#4890 = SURFACE_STYLE_USAGE(.BOTH.,#4891);
#4891 = SURFACE_SIDE_STYLE('',(#4892));
#4892 = SURFACE_STYLE_FILL_AREA(#4893);
#4893 = FILL_AREA_STYLE('',(#4894));
#4894 = FILL_AREA_STYLE_COLOUR('',#4859);
#4895 = STYLED_ITEM('color',(#4896),#1107);
#4896 = PRESENTATION_STYLE_ASSIGNMENT((#4897));
#4897 = SURFACE_STYLE_USAGE(.BOTH.,#4898);
#4898 = SURFACE_SIDE_STYLE('',(#4899));
#4899 = SURFACE_STYLE_FILL_AREA(#4900);
#4900 = FILL_AREA_STYLE('',(#4901));
#4901 = FILL_AREA_STYLE_COLOUR('',#4859);
#4902 = STYLED_ITEM('color',(#4903),#1138);
#4903 = PRESENTATION_STYLE_ASSIGNMENT((#4904));
#4904 = SURFACE_STYLE_USAGE(.BOTH.,#4905);
#4905 = SURFACE_SIDE_STYLE('',(#4906));
#4906 = SURFACE_STYLE_FILL_AREA(#4907);
#4907 = FILL_AREA_STYLE('',(#4908));
#4908 = FILL_AREA_STYLE_COLOUR('',#4859);
#4909 = STYLED_ITEM('color',(#4910),#1223);
#4910 = PRESENTATION_STYLE_ASSIGNMENT((#4911));
#4911 = SURFACE_STYLE_USAGE(.BOTH.,#4912);
#4912 = SURFACE_SIDE_STYLE('',(#4913));
#4913 = SURFACE_STYLE_FILL_AREA(#4914);
#4914 = FILL_AREA_STYLE('',(#4915));
#4915 = FILL_AREA_STYLE_COLOUR('',#4859);
#4916 = STYLED_ITEM('color',(#4917),#1247);
#4917 = PRESENTATION_STYLE_ASSIGNMENT((#4918));
#4918 = SURFACE_STYLE_USAGE(.BOTH.,#4919);
#4919 = SURFACE_SIDE_STYLE('',(#4920));
#4920 = SURFACE_STYLE_FILL_AREA(#4921);
#4921 = FILL_AREA_STYLE('',(#4922));
#4922 = FILL_AREA_STYLE_COLOUR('',#4859);
#4923 = STYLED_ITEM('color',(#4924),#1325);
#4924 = PRESENTATION_STYLE_ASSIGNMENT((#4925));
#4925 = SURFACE_STYLE_USAGE(.BOTH.,#4926);
#4926 = SURFACE_SIDE_STYLE('',(#4927));
#4927 = SURFACE_STYLE_FILL_AREA(#4928);
#4928 = FILL_AREA_STYLE('',(#4929));
#4929 = FILL_AREA_STYLE_COLOUR('',#4859);
#4930 = STYLED_ITEM('color',(#4931),#1356);
#4931 = PRESENTATION_STYLE_ASSIGNMENT((#4932));
#4932 = SURFACE_STYLE_USAGE(.BOTH.,#4933);
#4933 = SURFACE_SIDE_STYLE('',(#4934));
#4934 = SURFACE_STYLE_FILL_AREA(#4935);
#4935 = FILL_AREA_STYLE('',(#4936));
#4936 = FILL_AREA_STYLE_COLOUR('',#4859);
#4937 = STYLED_ITEM('color',(#4938),#1387);
#4938 = PRESENTATION_STYLE_ASSIGNMENT((#4939));
#4939 = SURFACE_STYLE_USAGE(.BOTH.,#4940);
#4940 = SURFACE_SIDE_STYLE('',(#4941));
#4941 = SURFACE_STYLE_FILL_AREA(#4942);
#4942 = FILL_AREA_STYLE('',(#4943));
#4943 = FILL_AREA_STYLE_COLOUR('',#4859);
#4944 = STYLED_ITEM('color',(#4945),#1418);
#4945 = PRESENTATION_STYLE_ASSIGNMENT((#4946));
#4946 = SURFACE_STYLE_USAGE(.BOTH.,#4947);
#4947 = SURFACE_SIDE_STYLE('',(#4948));
#4948 = SURFACE_STYLE_FILL_AREA(#4949);
#4949 = FILL_AREA_STYLE('',(#4950));
#4950 = FILL_AREA_STYLE_COLOUR('',#4859);
#4951 = STYLED_ITEM('color',(#4952),#1503);
#4952 = PRESENTATION_STYLE_ASSIGNMENT((#4953));
#4953 = SURFACE_STYLE_USAGE(.BOTH.,#4954);
#4954 = SURFACE_SIDE_STYLE('',(#4955));
#4955 = SURFACE_STYLE_FILL_AREA(#4956);
#4956 = FILL_AREA_STYLE('',(#4957));
#4957 = FILL_AREA_STYLE_COLOUR('',#4859);
#4958 = STYLED_ITEM('color',(#4959),#1527);
#4959 = PRESENTATION_STYLE_ASSIGNMENT((#4960));
#4960 = SURFACE_STYLE_USAGE(.BOTH.,#4961);
#4961 = SURFACE_SIDE_STYLE('',(#4962));
#4962 = SURFACE_STYLE_FILL_AREA(#4963);
#4963 = FILL_AREA_STYLE('',(#4964));
#4964 = FILL_AREA_STYLE_COLOUR('',#4859);
#4965 = STYLED_ITEM('color',(#4966),#1605);
#4966 = PRESENTATION_STYLE_ASSIGNMENT((#4967));
#4967 = SURFACE_STYLE_USAGE(.BOTH.,#4968);
#4968 = SURFACE_SIDE_STYLE('',(#4969));
#4969 = SURFACE_STYLE_FILL_AREA(#4970);
#4970 = FILL_AREA_STYLE('',(#4971));
#4971 = FILL_AREA_STYLE_COLOUR('',#4859);
#4972 = STYLED_ITEM('color',(#4973),#1636);
#4973 = PRESENTATION_STYLE_ASSIGNMENT((#4974));
#4974 = SURFACE_STYLE_USAGE(.BOTH.,#4975);
#4975 = SURFACE_SIDE_STYLE('',(#4976));
#4976 = SURFACE_STYLE_FILL_AREA(#4977);
#4977 = FILL_AREA_STYLE('',(#4978));
#4978 = FILL_AREA_STYLE_COLOUR('',#4859);
#4979 = STYLED_ITEM('color',(#4980),#1721);
#4980 = PRESENTATION_STYLE_ASSIGNMENT((#4981));
#4981 = SURFACE_STYLE_USAGE(.BOTH.,#4982);
#4982 = SURFACE_SIDE_STYLE('',(#4983));
#4983 = SURFACE_STYLE_FILL_AREA(#4984);
#4984 = FILL_AREA_STYLE('',(#4985));
#4985 = FILL_AREA_STYLE_COLOUR('',#4859);
#4986 = STYLED_ITEM('color',(#4987),#1745);
#4987 = PRESENTATION_STYLE_ASSIGNMENT((#4988));
#4988 = SURFACE_STYLE_USAGE(.BOTH.,#4989);
#4989 = SURFACE_SIDE_STYLE('',(#4990));
#4990 = SURFACE_STYLE_FILL_AREA(#4991);
#4991 = FILL_AREA_STYLE('',(#4992));
#4992 = FILL_AREA_STYLE_COLOUR('',#4859);
#4993 = STYLED_ITEM('color',(#4994),#1823);
#4994 = PRESENTATION_STYLE_ASSIGNMENT((#4995));
#4995 = SURFACE_STYLE_USAGE(.BOTH.,#4996);
#4996 = SURFACE_SIDE_STYLE('',(#4997));
#4997 = SURFACE_STYLE_FILL_AREA(#4998);
#4998 = FILL_AREA_STYLE('',(#4999));
#4999 = FILL_AREA_STYLE_COLOUR('',#4859);
#5000 = STYLED_ITEM('color',(#5001),#1840);
#5001 = PRESENTATION_STYLE_ASSIGNMENT((#5002));
#5002 = SURFACE_STYLE_USAGE(.BOTH.,#5003);
#5003 = SURFACE_SIDE_STYLE('',(#5004));
#5004 = SURFACE_STYLE_FILL_AREA(#5005);
#5005 = FILL_AREA_STYLE('',(#5006));
#5006 = FILL_AREA_STYLE_COLOUR('',#4859);
#5007 = STYLED_ITEM('color',(#5008),#1857);
#5008 = PRESENTATION_STYLE_ASSIGNMENT((#5009));
#5009 = SURFACE_STYLE_USAGE(.BOTH.,#5010);
#5010 = SURFACE_SIDE_STYLE('',(#5011));
#5011 = SURFACE_STYLE_FILL_AREA(#5012);
#5012 = FILL_AREA_STYLE('',(#5013));
#5013 = FILL_AREA_STYLE_COLOUR('',#4859);
#5014 = STYLED_ITEM('color',(#5015),#1874);
#5015 = PRESENTATION_STYLE_ASSIGNMENT((#5016));
#5016 = SURFACE_STYLE_USAGE(.BOTH.,#5017);
#5017 = SURFACE_SIDE_STYLE('',(#5018));
#5018 = SURFACE_STYLE_FILL_AREA(#5019);
#5019 = FILL_AREA_STYLE('',(#5020));
#5020 = FILL_AREA_STYLE_COLOUR('',#4859);
#5021 = STYLED_ITEM('color',(#5022),#1891);
#5022 = PRESENTATION_STYLE_ASSIGNMENT((#5023));
#5023 = SURFACE_STYLE_USAGE(.BOTH.,#5024);
#5024 = SURFACE_SIDE_STYLE('',(#5025));
#5025 = SURFACE_STYLE_FILL_AREA(#5026);
#5026 = FILL_AREA_STYLE('',(#5027));
#5027 = FILL_AREA_STYLE_COLOUR('',#4859);
#5028 = STYLED_ITEM('color',(#5029),#1908);
#5029 = PRESENTATION_STYLE_ASSIGNMENT((#5030));
#5030 = SURFACE_STYLE_USAGE(.BOTH.,#5031);
#5031 = SURFACE_SIDE_STYLE('',(#5032));
#5032 = SURFACE_STYLE_FILL_AREA(#5033);
#5033 = FILL_AREA_STYLE('',(#5034));
#5034 = FILL_AREA_STYLE_COLOUR('',#4859);
#5035 = STYLED_ITEM('color',(#5036),#1925);
#5036 = PRESENTATION_STYLE_ASSIGNMENT((#5037));
#5037 = SURFACE_STYLE_USAGE(.BOTH.,#5038);
#5038 = SURFACE_SIDE_STYLE('',(#5039));
#5039 = SURFACE_STYLE_FILL_AREA(#5040);
#5040 = FILL_AREA_STYLE('',(#5041));
#5041 = FILL_AREA_STYLE_COLOUR('',#4859);
#5042 = STYLED_ITEM('color',(#5043),#1942);
#5043 = PRESENTATION_STYLE_ASSIGNMENT((#5044));
#5044 = SURFACE_STYLE_USAGE(.BOTH.,#5045);
#5045 = SURFACE_SIDE_STYLE('',(#5046));
#5046 = SURFACE_STYLE_FILL_AREA(#5047);
#5047 = FILL_AREA_STYLE('',(#5048));
#5048 = FILL_AREA_STYLE_COLOUR('',#4859);
#5049 = STYLED_ITEM('color',(#5050),#1964);
#5050 = PRESENTATION_STYLE_ASSIGNMENT((#5051));
#5051 = SURFACE_STYLE_USAGE(.BOTH.,#5052);
#5052 = SURFACE_SIDE_STYLE('',(#5053));
#5053 = SURFACE_STYLE_FILL_AREA(#5054);
#5054 = FILL_AREA_STYLE('',(#5055));
#5055 = FILL_AREA_STYLE_COLOUR('',#4859);
#5056 = STYLED_ITEM('color',(#5057),#1976);
#5057 = PRESENTATION_STYLE_ASSIGNMENT((#5058));
#5058 = SURFACE_STYLE_USAGE(.BOTH.,#5059);
#5059 = SURFACE_SIDE_STYLE('',(#5060));
#5060 = SURFACE_STYLE_FILL_AREA(#5061);
#5061 = FILL_AREA_STYLE('',(#5062));
#5062 = FILL_AREA_STYLE_COLOUR('',#4859);
#5063 = STYLED_ITEM('color',(#5064),#1988);
#5064 = PRESENTATION_STYLE_ASSIGNMENT((#5065));
#5065 = SURFACE_STYLE_USAGE(.BOTH.,#5066);
#5066 = SURFACE_SIDE_STYLE('',(#5067));
#5067 = SURFACE_STYLE_FILL_AREA(#5068);
#5068 = FILL_AREA_STYLE('',(#5069));
#5069 = FILL_AREA_STYLE_COLOUR('',#4859);
#5070 = STYLED_ITEM('color',(#5071),#2005);
#5071 = PRESENTATION_STYLE_ASSIGNMENT((#5072));
#5072 = SURFACE_STYLE_USAGE(.BOTH.,#5073);
#5073 = SURFACE_SIDE_STYLE('',(#5074));
#5074 = SURFACE_STYLE_FILL_AREA(#5075);
#5075 = FILL_AREA_STYLE('',(#5076));
#5076 = FILL_AREA_STYLE_COLOUR('',#4859);
#5077 = STYLED_ITEM('color',(#5078),#2017);
#5078 = PRESENTATION_STYLE_ASSIGNMENT((#5079));
#5079 = SURFACE_STYLE_USAGE(.BOTH.,#5080);
#5080 = SURFACE_SIDE_STYLE('',(#5081));
#5081 = SURFACE_STYLE_FILL_AREA(#5082);
#5082 = FILL_AREA_STYLE('',(#5083));
#5083 = FILL_AREA_STYLE_COLOUR('',#4859);
#5084 = STYLED_ITEM('color',(#5085),#2034);
#5085 = PRESENTATION_STYLE_ASSIGNMENT((#5086));
#5086 = SURFACE_STYLE_USAGE(.BOTH.,#5087);
#5087 = SURFACE_SIDE_STYLE('',(#5088));
#5088 = SURFACE_STYLE_FILL_AREA(#5089);
#5089 = FILL_AREA_STYLE('',(#5090));
#5090 = FILL_AREA_STYLE_COLOUR('',#4859);
#5091 = STYLED_ITEM('color',(#5092),#2056);
#5092 = PRESENTATION_STYLE_ASSIGNMENT((#5093));
#5093 = SURFACE_STYLE_USAGE(.BOTH.,#5094);
#5094 = SURFACE_SIDE_STYLE('',(#5095));
#5095 = SURFACE_STYLE_FILL_AREA(#5096);
#5096 = FILL_AREA_STYLE('',(#5097));
#5097 = FILL_AREA_STYLE_COLOUR('',#4859);
#5098 = STYLED_ITEM('color',(#5099),#2068);
#5099 = PRESENTATION_STYLE_ASSIGNMENT((#5100));
#5100 = SURFACE_STYLE_USAGE(.BOTH.,#5101);
#5101 = SURFACE_SIDE_STYLE('',(#5102));
#5102 = SURFACE_STYLE_FILL_AREA(#5103);
#5103 = FILL_AREA_STYLE('',(#5104));
#5104 = FILL_AREA_STYLE_COLOUR('',#4859);
#5105 = STYLED_ITEM('color',(#5106),#2085);
#5106 = PRESENTATION_STYLE_ASSIGNMENT((#5107));
#5107 = SURFACE_STYLE_USAGE(.BOTH.,#5108);
#5108 = SURFACE_SIDE_STYLE('',(#5109));
#5109 = SURFACE_STYLE_FILL_AREA(#5110);
#5110 = FILL_AREA_STYLE('',(#5111));
#5111 = FILL_AREA_STYLE_COLOUR('',#4859);
#5112 = STYLED_ITEM('color',(#5113),#2097);
#5113 = PRESENTATION_STYLE_ASSIGNMENT((#5114));
#5114 = SURFACE_STYLE_USAGE(.BOTH.,#5115);
#5115 = SURFACE_SIDE_STYLE('',(#5116));
#5116 = SURFACE_STYLE_FILL_AREA(#5117);
#5117 = FILL_AREA_STYLE('',(#5118));
#5118 = FILL_AREA_STYLE_COLOUR('',#4859);
#5119 = STYLED_ITEM('color',(#5120),#2109);
#5120 = PRESENTATION_STYLE_ASSIGNMENT((#5121));
#5121 = SURFACE_STYLE_USAGE(.BOTH.,#5122);
#5122 = SURFACE_SIDE_STYLE('',(#5123));
#5123 = SURFACE_STYLE_FILL_AREA(#5124);
#5124 = FILL_AREA_STYLE('',(#5125));
#5125 = FILL_AREA_STYLE_COLOUR('',#4859);
#5126 = STYLED_ITEM('color',(#5127),#2126);
#5127 = PRESENTATION_STYLE_ASSIGNMENT((#5128));
#5128 = SURFACE_STYLE_USAGE(.BOTH.,#5129);
#5129 = SURFACE_SIDE_STYLE('',(#5130));
#5130 = SURFACE_STYLE_FILL_AREA(#5131);
#5131 = FILL_AREA_STYLE('',(#5132));
#5132 = FILL_AREA_STYLE_COLOUR('',#4859);
#5133 = STYLED_ITEM('color',(#5134),#2143);
#5134 = PRESENTATION_STYLE_ASSIGNMENT((#5135));
#5135 = SURFACE_STYLE_USAGE(.BOTH.,#5136);
#5136 = SURFACE_SIDE_STYLE('',(#5137));
#5137 = SURFACE_STYLE_FILL_AREA(#5138);
#5138 = FILL_AREA_STYLE('',(#5139));
#5139 = FILL_AREA_STYLE_COLOUR('',#4859);
#5140 = STYLED_ITEM('color',(#5141),#2160);
#5141 = PRESENTATION_STYLE_ASSIGNMENT((#5142));
#5142 = SURFACE_STYLE_USAGE(.BOTH.,#5143);
#5143 = SURFACE_SIDE_STYLE('',(#5144));
#5144 = SURFACE_STYLE_FILL_AREA(#5145);
#5145 = FILL_AREA_STYLE('',(#5146));
#5146 = FILL_AREA_STYLE_COLOUR('',#4859);
#5147 = STYLED_ITEM('color',(#5148),#2182);
#5148 = PRESENTATION_STYLE_ASSIGNMENT((#5149));
#5149 = SURFACE_STYLE_USAGE(.BOTH.,#5150);
#5150 = SURFACE_SIDE_STYLE('',(#5151));
#5151 = SURFACE_STYLE_FILL_AREA(#5152);
#5152 = FILL_AREA_STYLE('',(#5153));
#5153 = FILL_AREA_STYLE_COLOUR('',#4859);
#5154 = STYLED_ITEM('color',(#5155),#2194);
#5155 = PRESENTATION_STYLE_ASSIGNMENT((#5156));
#5156 = SURFACE_STYLE_USAGE(.BOTH.,#5157);
#5157 = SURFACE_SIDE_STYLE('',(#5158));
#5158 = SURFACE_STYLE_FILL_AREA(#5159);
#5159 = FILL_AREA_STYLE('',(#5160));
#5160 = FILL_AREA_STYLE_COLOUR('',#4859);
#5161 = STYLED_ITEM('color',(#5162),#2211);
#5162 = PRESENTATION_STYLE_ASSIGNMENT((#5163));
#5163 = SURFACE_STYLE_USAGE(.BOTH.,#5164);
#5164 = SURFACE_SIDE_STYLE('',(#5165));
#5165 = SURFACE_STYLE_FILL_AREA(#5166);
#5166 = FILL_AREA_STYLE('',(#5167));
#5167 = FILL_AREA_STYLE_COLOUR('',#4859);
#5168 = STYLED_ITEM('color',(#5169),#2223);
#5169 = PRESENTATION_STYLE_ASSIGNMENT((#5170));
#5170 = SURFACE_STYLE_USAGE(.BOTH.,#5171);
#5171 = SURFACE_SIDE_STYLE('',(#5172));
#5172 = SURFACE_STYLE_FILL_AREA(#5173);
#5173 = FILL_AREA_STYLE('',(#5174));
#5174 = FILL_AREA_STYLE_COLOUR('',#4859);
#5175 = STYLED_ITEM('color',(#5176),#2235);
#5176 = PRESENTATION_STYLE_ASSIGNMENT((#5177));
#5177 = SURFACE_STYLE_USAGE(.BOTH.,#5178);
#5178 = SURFACE_SIDE_STYLE('',(#5179));
#5179 = SURFACE_STYLE_FILL_AREA(#5180);
#5180 = FILL_AREA_STYLE('',(#5181));
#5181 = FILL_AREA_STYLE_COLOUR('',#4859);
#5182 = STYLED_ITEM('color',(#5183),#2252);
#5183 = PRESENTATION_STYLE_ASSIGNMENT((#5184));
#5184 = SURFACE_STYLE_USAGE(.BOTH.,#5185);
#5185 = SURFACE_SIDE_STYLE('',(#5186));
#5186 = SURFACE_STYLE_FILL_AREA(#5187);
#5187 = FILL_AREA_STYLE('',(#5188));
#5188 = FILL_AREA_STYLE_COLOUR('',#4859);
#5189 = STYLED_ITEM('color',(#5190),#2274);
#5190 = PRESENTATION_STYLE_ASSIGNMENT((#5191));
#5191 = SURFACE_STYLE_USAGE(.BOTH.,#5192);
#5192 = SURFACE_SIDE_STYLE('',(#5193));
#5193 = SURFACE_STYLE_FILL_AREA(#5194);
#5194 = FILL_AREA_STYLE('',(#5195));
#5195 = FILL_AREA_STYLE_COLOUR('',#4859);
#5196 = STYLED_ITEM('color',(#5197),#2286);
#5197 = PRESENTATION_STYLE_ASSIGNMENT((#5198));
#5198 = SURFACE_STYLE_USAGE(.BOTH.,#5199);
#5199 = SURFACE_SIDE_STYLE('',(#5200));
#5200 = SURFACE_STYLE_FILL_AREA(#5201);
#5201 = FILL_AREA_STYLE('',(#5202));
#5202 = FILL_AREA_STYLE_COLOUR('',#4859);
#5203 = STYLED_ITEM('color',(#5204),#2303);
#5204 = PRESENTATION_STYLE_ASSIGNMENT((#5205));
#5205 = SURFACE_STYLE_USAGE(.BOTH.,#5206);
#5206 = SURFACE_SIDE_STYLE('',(#5207));
#5207 = SURFACE_STYLE_FILL_AREA(#5208);
#5208 = FILL_AREA_STYLE('',(#5209));
#5209 = FILL_AREA_STYLE_COLOUR('',#4859);
#5210 = STYLED_ITEM('color',(#5211),#2315);
#5211 = PRESENTATION_STYLE_ASSIGNMENT((#5212));
#5212 = SURFACE_STYLE_USAGE(.BOTH.,#5213);
#5213 = SURFACE_SIDE_STYLE('',(#5214));
#5214 = SURFACE_STYLE_FILL_AREA(#5215);
#5215 = FILL_AREA_STYLE('',(#5216));
#5216 = FILL_AREA_STYLE_COLOUR('',#4859);
#5217 = MECHANICAL_DESIGN_GEOMETRIC_PRESENTATION_REPRESENTATION('',(
    #5218),#4726);
#5218 = STYLED_ITEM('color',(#5219),#2346);
#5219 = PRESENTATION_STYLE_ASSIGNMENT((#5220));
#5220 = SURFACE_STYLE_USAGE(.BOTH.,#5221);
#5221 = SURFACE_SIDE_STYLE('',(#5222));
#5222 = SURFACE_STYLE_FILL_AREA(#5223);
#5223 = FILL_AREA_STYLE('',(#5224));
#5224 = FILL_AREA_STYLE_COLOUR('',#5225);
#5225 = COLOUR_RGB('',0.313304153717,0.484529207832,0.410020903123);
ENDSEC;
END-ISO-10303-21;
